{"title":"Project A Analyses","markdown":{"yaml":{"title":"Project A Analyses","author":"Liangliang Zhang, Ph.D.","date-modified":"last-modified"},"headingText":"General Information (applicable to all three Analyses)","containsRefs":false,"markdown":"\n\n```{r setup, include=FALSE}\nknitr::opts_chunk$set(comment = NA)\n```\n\n\nUsing the tibble you've developed following the instructions on the [Data](data.qmd) and [Plan](plan.qmd) pages, you will perform three analyses, as specified below. Your final portfolio report will include:\n\n- Sections 1-12 from the [Plan](plan.qmd), edited as necessary (note that you'll drop Section 13 from the Plan and move section 14 in the Plan to a new Section 17 in the Portfolio Report.\n- Section 13 will be your Analysis 1, and will have four subsections.\n- Section 14 will be your Analysis 2, with four subsections.\n- Section 15 will be your Analysis 3, with four subsections.\n- Section 16 will be a new Reflections section, discussed in the [Portfolio](portfolio.qmd) materials.\n- Section 17 will be your new location for session information, as mentioned previously.\n\nThe four subsections for each Analysis are to be labeled:\n\n1. Variables\n2. Summaries\n3. Approach\n4. Conclusions\n\n:::{.callout-warning}\n\nAll Project A analyses should be performed using **90%** (rather than the default 95%) uncertainty intervals.\n\n:::\n\n## Subsection 1. Variables\n\nFor each of the three Analyses, you will start by re-specifying the variables you are studying, including appropriate units of measurement, and briefly remind us about how your sample was developed, including information on the total number of counties involved in this Analysis, specifying which states are used, and whether any relevant data are missing. Be sure to edit your data management and Codebook in sections from your Plan to accurately describe all variables you are using in your analyses. In particular, no additional adjustments to your tibble should be made after section 8 in your portfolio report.\n\nIn Plan section 12, you stated the **research question** you are trying to answer with each analysis. You should also indicate in that section your pre-data collection belief about what conclusion you would draw. In developing your final portfolio report, you should edit these statements (as necessary) to reflect the Analyses you've actually done.\n\n## Subsection 2. Summaries\n\nHere, you will provide numerical summaries and visualizations of interest that are **relevant to your analysis**, and comment on any issues you observe. All of your plots should be attractive and well-labeled, and (when possible) use `ggplot` tools. Specific suggestions about necessary data descriptions for each Analysis are discussed below.\n\n## Subsection 3. Approach\n\nEach Analysis should, of course, include all of the R code you used to create your work, **and** complete English sentences that interpret your results. Your work must demonstrate that you are able to reason about what you've done, not just generate the code which works to create results. Here, you will:\n\n- Assess which of several options for modeling (Analysis 1) or creating an inference (Analyses 2 and 3) is most appropriate, with the help of useful diagnostics.\n- Complete any specialized analytic requirements (as discussed below) unique to that Analysis, and obtain results which allow you to address your research question.\n\n## Subsection 4. Conclusions\n\nYou will write a two-paragraph conclusions section for each Analysis. \n\n- The first paragraph should provide a clear **restatement** of your research question, followed by a clear **response** to that question, motivated by your results. Remember that a research question will end with a question mark, and will be something you will be able to answer (or at least respond to effectively) after your analysis is complete. You should also reflect on your pre-existing belief about what would happen, (as discussed in Section 12) in light of the data.\n- The second paragraph should summarize the key limitations of your Analysis, and opportunities for useful next steps associated with that Analysis. To be clear, just writing \"get more data,\" though generally good advice, isn't a sufficient next step. Also, note that it’s not a good idea to suggest limitations that you could fix with the tools you have - instead, apply those tools and build a better Analysis.\n\n# Analysis 1: (Bayesian) Linear Regression Model\n\n## Advice on Variables\n\nIn this section you will build a Bayesian linear regression model (with `stan_glm()` from the `rstanarm` package and the default choices of weakly informative priors) to predict your Analysis 1 outcome using your Analysis 1 predictor. \n\nTo start, you will identify those variables, and restrict your data set for Analysis 1 to the complete cases on those variables.\n\n- Use complete English sentences to identify your outcome and your predictor, describing what each variable means and its units of measurement.\n- Also specify how many counties have complete data on both variables.\n- Finally, specify the values of your outcome and predictor for Cuyahoga County, in Ohio, where CWRU's campus is located.\n\n## Advice on Summaries\n\nProvide a detailed set of numerical summaries for each variable at the start of this section. The `lovedist()` function is our preference here.\n\nYou will need to build a visualization of the relationship between the outcome (Y-axis) and the predictor (X-axis) and a written description of what you learn about the association (which should include comments about its direction, shape and strength along with identification of any substantial outliers). \n\nYou will need to address the possibility of a transformation here:\n\n- A specification of any transformations you choose to apply to the X or Y variable in order to obtain a better fit with a simple linear regression, along with some justification for the choice (or for the decision not to apply a transformation.)\n    - For this part of Project A, confine your search to either a **logarithm**, an **inverse**, or a **square** as applied to the outcome. If you want to consider one of those transformations for the predictor as well, that's OK but not crucial. \n    - You should select the most promising transformation on the basis of a scatterplot (perhaps with a loess smooth and linear fit) after the transformation has been applied. You are permitted but not required to use the Box-Cox approach to help here. \n\nIf you decide to use a transformation with either the outcome or predictor before fitting your final model, you should display two plots: one with and one without that transformation. Your plot (including the transformation, if you use one) should include both a loess smooth and the regression line from an ordinary least squares linear model.\n\n## Advice on Approach\n\nFit your model (with `stan_glm()` from the `rstanarm` package and the default choices of weakly informative priors, being sure to set a seed before running `stan_glm()`) to use your predictor to predict your outcome (applying your selected transformation) and provide the code you used, and the following summary elements in this section.\n\n:::{.callout-note}\n\nIn this section, you'll definitely need to show results from the following functions:\n\n- `set.seed()` to set a seed for modeling\n- `stan_glm()` to fit the model, being sure to include `refresh = 0` in your call to the `stan_glm()` function to avoid printing a lot of unnecessary output\n- `model_parameters()` to describe the estimates, being sure to use a 90% level for your uncertainty intervals\n- `model_performance()` to obtain some key indices of the model's fit to the data\n- `check_model()` to display a series of diagnostic plots for the model's fit.\n\nRemember to include \n\n```\n#| fig-height: 9\n```\n\nat the start of the R code chunk where you run `check_model()` in order to give the plots some vertical space to breathe.\n\nYou may also want to run `check_normality()` and `check_heteroskedasticity()` to supplement what you learn from `check_model()`.\n\n:::\n\n### Summarizing the Model's Fit\n\nYour written summary of the model's fit should include:\n\n1. A written statement of the full prediction equation, with coefficients nicely rounded, and a careful description of what the coefficients mean in context. If you're using a transformation of the outcome or the predictor, be sure this is reflected in your comments here.\n\n2. A tidy summary and interpretation of the model's coefficients, including 90% uncertainty intervals for model estimates.\n\n3. The model's raw (not adjusted) R-squared, residual standard error (sigma), and the number of observations to which the model was fit.\n\n### Checking the Model\n\nAt the end of your Approach section for Analysis 1, you'll need to write about your conclusions regarding how well the model checks have gone. \n\n`check_model()` should produce five plots, including:\n\n- posterior predictive check\n- linearity\n- homogeneity of variance\n- influential observations\n- normality of residuals\n\nwhich are roughly sorted here from most important to least important.\n\nInterpret each of the plots in a complete English sentence (or two) in terms of what they tell you about how well the assumptions of your model hold in light of your data.\n\n## Advice on Conclusions\n\nFor Analysis 1, you'll write two paragraphs.\n\nIn the first paragraph, you should provide a clear restatement of your research question, followed by a clear and appropriate response to your research question, motivated by your results. Most of the time, one model won't let you come to a strong conclusion about a question of interest, and it is your job to accurately present what information can be specified as a result of the model, without overstating your conclusions. \n\nThen, write a paragraph which summarizes the key limitations of your work in Analysis 1. \n\n- If you see problems with regression assumptions in your model checks, that would be a good thing to talk about here, for instance. \n- Another issue that is worth discussing is your target population, and what evidence you can describe that might indicate whether your selected states are a representative sample of the US as a whole, or perhaps some particular part of the United States.\n- You should also provide at least one useful \"next step\" that you could take to improve this analysis (just saying \"get more data\" isn't a sufficient next step.)\n\n# Analysis 2: Comparing Two Independent Samples\n\n## Advice on Variables\n\nHere, you have identified one quantitative (Analysis 2 outcome) and one categorical variable (Analysis 2 binary predictor.) \n\n- Use complete English sentences to identify your outcome and your predictor, describing what each variable means and its units of measurement.\n- Also specify how many counties have complete data on both variables.\n- Finally, specify the values of your outcome and predictor for Cuyahoga County, in Ohio, where CWRU's campus is located.\n\n## Advice on Summaries\n\nHere, prepare descriptive summaries of the data across the two predictor groups for your chosen outcome, including, of course, attractive and well-constructed visualizations which can be used for comparisons.\n\nA comparison boxplot with violins and means is an excellent option here for the key visualization. Be sure to label it carefully, and use color and/or fill wisely to create a clear and attractive picture.\n\nProvide a detailed set of numerical summaries for each predictor group, as well. The `lovedist()` function is our preference here.\n\n## Advice on Approach\n\nYou’ll analyze the results and build a 90% confidence interval for the difference in group means first using an ordinary least squares model to produce a pooled-t procedure, and then using a bootstrap procedure. \n\nYou'll then select one of these two procedures to provide your final response, and discuss the reasons behind the choice you made. \n\nShow your work and your reasoning (not just your code), and comment on any analytic decisions you make. Be sure to actively present and justify any assumptions you are making.\n\n## Advice on Conclusions\n\nFor Analysis 2, you'll write two paragraphs.\n\nIn the first paragraph, you should provide a clear restatement of your research question, followed by a clear and appropriate response to your research question, motivated by your results. Interpret your 90% confidence interval's endpoints and width in context.\n\nThen, write a paragraph which summarizes the key limitations of your work in Analysis 2. \n\n- If you see problems with the assumptions behind your choice of interval, that would be a good thing to talk about here, for instance. \n- Another issue that is worth discussing is your target population, and what evidence you can describe that might indicate whether your selected states are a representative sample of the US as a whole, or perhaps some particular part of the United States.\n- You should also provide at least one useful \"next step\" that you could take to improve this analysis (just saying \"get more data\" isn't a sufficient next step.)\n\n# Analysis 3: Comparing An Outcome in CHR 2024 to its value in CHR 2019\n\n## Advice on Variables\n\nHere, we have identified two quantitative variables (the same outcome in two different time periods) which are paired (so that they have a natural link between them, and use the same units of measurement.) \n\n- Your Analysis 3 material should start with specifications of what the outcome you are studying in this analysis actually means, including its units, and how your samples reported in CHR 2019 and CHR 2024 were created.\n\n## Advice on Summaries\n\nProvide numerical summaries and visualizations of interest that are relevant to this analysis, and comment on any issues you observe.\n\nAs part of your summary, produce a three-plot figure using `patchwork` including a boxplot (with violin and the mean indicated), a histogram with a Normal curve, and a Normal Q-Q plot of those paired differences. Be sure to specify your bin width in an effective way for the histogram, and please remind us how many \"pairs\" of values you have to work with in your subtitle.\n\nYou will also need to provide some evidence on how well the \"pairing\" worked in this setting, by estimating and interpreting the Pearson correlation between the CHR 2019 and CHR 2024 values.\n\n## Advice on Approach\n\nYou’ll analyze the results and build a 90% confidence interval for the population mean difference with an ordinary least squares model to generate an appropriate t-based procedure, as well as an appropriate bootstrap procedure. \n\nYou’ll then select one of these two procedures to provide your final response, and discuss the reasons behind the choice you made.\n\nShow your work and your reasoning (not just your code), and comment on any analytic decisions you make. Be sure to actively present and justify any assumptions you are making.\n\n## Advice on Conclusions\n\nFor Analysis 3, you'll write two paragraphs.\n\nIn the first paragraph, you should provide a clear restatement of your research question, followed by a clear and appropriate response to your research question, motivated by your results. Interpret your chosen 90% confidence interval's endpoints and width in context. You should also reflect on your pre-existing belief about what would happen, (as discussed in Section 12) in light of your results.\n\nThen, write a paragraph which summarizes the key limitations of your work in Analysis 3. \n\n- If you see problems with the assumptions behind your choice of interval, that would be a good thing to talk about here, for instance. \n- If pairing didn't \"help\" (in the sense that there was no substantial positive correlation between the CHR 2019 and CHR 2024 reports), that would be worth discussing here.\n- Another issue that is worth discussing is your target population, and what evidence you can describe that might indicate whether your selected states are a representative sample of the US as a whole, or perhaps some particular part of the United States.\n- You should also provide at least one useful \"next step\" that you could take to improve this analysis (just saying \"get more data\" isn't a sufficient next step.)\n\n","srcMarkdownNoYaml":"\n\n```{r setup, include=FALSE}\nknitr::opts_chunk$set(comment = NA)\n```\n\n# General Information (applicable to all three Analyses)\n\nUsing the tibble you've developed following the instructions on the [Data](data.qmd) and [Plan](plan.qmd) pages, you will perform three analyses, as specified below. Your final portfolio report will include:\n\n- Sections 1-12 from the [Plan](plan.qmd), edited as necessary (note that you'll drop Section 13 from the Plan and move section 14 in the Plan to a new Section 17 in the Portfolio Report.\n- Section 13 will be your Analysis 1, and will have four subsections.\n- Section 14 will be your Analysis 2, with four subsections.\n- Section 15 will be your Analysis 3, with four subsections.\n- Section 16 will be a new Reflections section, discussed in the [Portfolio](portfolio.qmd) materials.\n- Section 17 will be your new location for session information, as mentioned previously.\n\nThe four subsections for each Analysis are to be labeled:\n\n1. Variables\n2. Summaries\n3. Approach\n4. Conclusions\n\n:::{.callout-warning}\n\nAll Project A analyses should be performed using **90%** (rather than the default 95%) uncertainty intervals.\n\n:::\n\n## Subsection 1. Variables\n\nFor each of the three Analyses, you will start by re-specifying the variables you are studying, including appropriate units of measurement, and briefly remind us about how your sample was developed, including information on the total number of counties involved in this Analysis, specifying which states are used, and whether any relevant data are missing. Be sure to edit your data management and Codebook in sections from your Plan to accurately describe all variables you are using in your analyses. In particular, no additional adjustments to your tibble should be made after section 8 in your portfolio report.\n\nIn Plan section 12, you stated the **research question** you are trying to answer with each analysis. You should also indicate in that section your pre-data collection belief about what conclusion you would draw. In developing your final portfolio report, you should edit these statements (as necessary) to reflect the Analyses you've actually done.\n\n## Subsection 2. Summaries\n\nHere, you will provide numerical summaries and visualizations of interest that are **relevant to your analysis**, and comment on any issues you observe. All of your plots should be attractive and well-labeled, and (when possible) use `ggplot` tools. Specific suggestions about necessary data descriptions for each Analysis are discussed below.\n\n## Subsection 3. Approach\n\nEach Analysis should, of course, include all of the R code you used to create your work, **and** complete English sentences that interpret your results. Your work must demonstrate that you are able to reason about what you've done, not just generate the code which works to create results. Here, you will:\n\n- Assess which of several options for modeling (Analysis 1) or creating an inference (Analyses 2 and 3) is most appropriate, with the help of useful diagnostics.\n- Complete any specialized analytic requirements (as discussed below) unique to that Analysis, and obtain results which allow you to address your research question.\n\n## Subsection 4. Conclusions\n\nYou will write a two-paragraph conclusions section for each Analysis. \n\n- The first paragraph should provide a clear **restatement** of your research question, followed by a clear **response** to that question, motivated by your results. Remember that a research question will end with a question mark, and will be something you will be able to answer (or at least respond to effectively) after your analysis is complete. You should also reflect on your pre-existing belief about what would happen, (as discussed in Section 12) in light of the data.\n- The second paragraph should summarize the key limitations of your Analysis, and opportunities for useful next steps associated with that Analysis. To be clear, just writing \"get more data,\" though generally good advice, isn't a sufficient next step. Also, note that it’s not a good idea to suggest limitations that you could fix with the tools you have - instead, apply those tools and build a better Analysis.\n\n# Analysis 1: (Bayesian) Linear Regression Model\n\n## Advice on Variables\n\nIn this section you will build a Bayesian linear regression model (with `stan_glm()` from the `rstanarm` package and the default choices of weakly informative priors) to predict your Analysis 1 outcome using your Analysis 1 predictor. \n\nTo start, you will identify those variables, and restrict your data set for Analysis 1 to the complete cases on those variables.\n\n- Use complete English sentences to identify your outcome and your predictor, describing what each variable means and its units of measurement.\n- Also specify how many counties have complete data on both variables.\n- Finally, specify the values of your outcome and predictor for Cuyahoga County, in Ohio, where CWRU's campus is located.\n\n## Advice on Summaries\n\nProvide a detailed set of numerical summaries for each variable at the start of this section. The `lovedist()` function is our preference here.\n\nYou will need to build a visualization of the relationship between the outcome (Y-axis) and the predictor (X-axis) and a written description of what you learn about the association (which should include comments about its direction, shape and strength along with identification of any substantial outliers). \n\nYou will need to address the possibility of a transformation here:\n\n- A specification of any transformations you choose to apply to the X or Y variable in order to obtain a better fit with a simple linear regression, along with some justification for the choice (or for the decision not to apply a transformation.)\n    - For this part of Project A, confine your search to either a **logarithm**, an **inverse**, or a **square** as applied to the outcome. If you want to consider one of those transformations for the predictor as well, that's OK but not crucial. \n    - You should select the most promising transformation on the basis of a scatterplot (perhaps with a loess smooth and linear fit) after the transformation has been applied. You are permitted but not required to use the Box-Cox approach to help here. \n\nIf you decide to use a transformation with either the outcome or predictor before fitting your final model, you should display two plots: one with and one without that transformation. Your plot (including the transformation, if you use one) should include both a loess smooth and the regression line from an ordinary least squares linear model.\n\n## Advice on Approach\n\nFit your model (with `stan_glm()` from the `rstanarm` package and the default choices of weakly informative priors, being sure to set a seed before running `stan_glm()`) to use your predictor to predict your outcome (applying your selected transformation) and provide the code you used, and the following summary elements in this section.\n\n:::{.callout-note}\n\nIn this section, you'll definitely need to show results from the following functions:\n\n- `set.seed()` to set a seed for modeling\n- `stan_glm()` to fit the model, being sure to include `refresh = 0` in your call to the `stan_glm()` function to avoid printing a lot of unnecessary output\n- `model_parameters()` to describe the estimates, being sure to use a 90% level for your uncertainty intervals\n- `model_performance()` to obtain some key indices of the model's fit to the data\n- `check_model()` to display a series of diagnostic plots for the model's fit.\n\nRemember to include \n\n```\n#| fig-height: 9\n```\n\nat the start of the R code chunk where you run `check_model()` in order to give the plots some vertical space to breathe.\n\nYou may also want to run `check_normality()` and `check_heteroskedasticity()` to supplement what you learn from `check_model()`.\n\n:::\n\n### Summarizing the Model's Fit\n\nYour written summary of the model's fit should include:\n\n1. A written statement of the full prediction equation, with coefficients nicely rounded, and a careful description of what the coefficients mean in context. If you're using a transformation of the outcome or the predictor, be sure this is reflected in your comments here.\n\n2. A tidy summary and interpretation of the model's coefficients, including 90% uncertainty intervals for model estimates.\n\n3. The model's raw (not adjusted) R-squared, residual standard error (sigma), and the number of observations to which the model was fit.\n\n### Checking the Model\n\nAt the end of your Approach section for Analysis 1, you'll need to write about your conclusions regarding how well the model checks have gone. \n\n`check_model()` should produce five plots, including:\n\n- posterior predictive check\n- linearity\n- homogeneity of variance\n- influential observations\n- normality of residuals\n\nwhich are roughly sorted here from most important to least important.\n\nInterpret each of the plots in a complete English sentence (or two) in terms of what they tell you about how well the assumptions of your model hold in light of your data.\n\n## Advice on Conclusions\n\nFor Analysis 1, you'll write two paragraphs.\n\nIn the first paragraph, you should provide a clear restatement of your research question, followed by a clear and appropriate response to your research question, motivated by your results. Most of the time, one model won't let you come to a strong conclusion about a question of interest, and it is your job to accurately present what information can be specified as a result of the model, without overstating your conclusions. \n\nThen, write a paragraph which summarizes the key limitations of your work in Analysis 1. \n\n- If you see problems with regression assumptions in your model checks, that would be a good thing to talk about here, for instance. \n- Another issue that is worth discussing is your target population, and what evidence you can describe that might indicate whether your selected states are a representative sample of the US as a whole, or perhaps some particular part of the United States.\n- You should also provide at least one useful \"next step\" that you could take to improve this analysis (just saying \"get more data\" isn't a sufficient next step.)\n\n# Analysis 2: Comparing Two Independent Samples\n\n## Advice on Variables\n\nHere, you have identified one quantitative (Analysis 2 outcome) and one categorical variable (Analysis 2 binary predictor.) \n\n- Use complete English sentences to identify your outcome and your predictor, describing what each variable means and its units of measurement.\n- Also specify how many counties have complete data on both variables.\n- Finally, specify the values of your outcome and predictor for Cuyahoga County, in Ohio, where CWRU's campus is located.\n\n## Advice on Summaries\n\nHere, prepare descriptive summaries of the data across the two predictor groups for your chosen outcome, including, of course, attractive and well-constructed visualizations which can be used for comparisons.\n\nA comparison boxplot with violins and means is an excellent option here for the key visualization. Be sure to label it carefully, and use color and/or fill wisely to create a clear and attractive picture.\n\nProvide a detailed set of numerical summaries for each predictor group, as well. The `lovedist()` function is our preference here.\n\n## Advice on Approach\n\nYou’ll analyze the results and build a 90% confidence interval for the difference in group means first using an ordinary least squares model to produce a pooled-t procedure, and then using a bootstrap procedure. \n\nYou'll then select one of these two procedures to provide your final response, and discuss the reasons behind the choice you made. \n\nShow your work and your reasoning (not just your code), and comment on any analytic decisions you make. Be sure to actively present and justify any assumptions you are making.\n\n## Advice on Conclusions\n\nFor Analysis 2, you'll write two paragraphs.\n\nIn the first paragraph, you should provide a clear restatement of your research question, followed by a clear and appropriate response to your research question, motivated by your results. Interpret your 90% confidence interval's endpoints and width in context.\n\nThen, write a paragraph which summarizes the key limitations of your work in Analysis 2. \n\n- If you see problems with the assumptions behind your choice of interval, that would be a good thing to talk about here, for instance. \n- Another issue that is worth discussing is your target population, and what evidence you can describe that might indicate whether your selected states are a representative sample of the US as a whole, or perhaps some particular part of the United States.\n- You should also provide at least one useful \"next step\" that you could take to improve this analysis (just saying \"get more data\" isn't a sufficient next step.)\n\n# Analysis 3: Comparing An Outcome in CHR 2024 to its value in CHR 2019\n\n## Advice on Variables\n\nHere, we have identified two quantitative variables (the same outcome in two different time periods) which are paired (so that they have a natural link between them, and use the same units of measurement.) \n\n- Your Analysis 3 material should start with specifications of what the outcome you are studying in this analysis actually means, including its units, and how your samples reported in CHR 2019 and CHR 2024 were created.\n\n## Advice on Summaries\n\nProvide numerical summaries and visualizations of interest that are relevant to this analysis, and comment on any issues you observe.\n\nAs part of your summary, produce a three-plot figure using `patchwork` including a boxplot (with violin and the mean indicated), a histogram with a Normal curve, and a Normal Q-Q plot of those paired differences. Be sure to specify your bin width in an effective way for the histogram, and please remind us how many \"pairs\" of values you have to work with in your subtitle.\n\nYou will also need to provide some evidence on how well the \"pairing\" worked in this setting, by estimating and interpreting the Pearson correlation between the CHR 2019 and CHR 2024 values.\n\n## Advice on Approach\n\nYou’ll analyze the results and build a 90% confidence interval for the population mean difference with an ordinary least squares model to generate an appropriate t-based procedure, as well as an appropriate bootstrap procedure. \n\nYou’ll then select one of these two procedures to provide your final response, and discuss the reasons behind the choice you made.\n\nShow your work and your reasoning (not just your code), and comment on any analytic decisions you make. Be sure to actively present and justify any assumptions you are making.\n\n## Advice on Conclusions\n\nFor Analysis 3, you'll write two paragraphs.\n\nIn the first paragraph, you should provide a clear restatement of your research question, followed by a clear and appropriate response to your research question, motivated by your results. Interpret your chosen 90% confidence interval's endpoints and width in context. You should also reflect on your pre-existing belief about what would happen, (as discussed in Section 12) in light of your results.\n\nThen, write a paragraph which summarizes the key limitations of your work in Analysis 3. \n\n- If you see problems with the assumptions behind your choice of interval, that would be a good thing to talk about here, for instance. \n- If pairing didn't \"help\" (in the sense that there was no substantial positive correlation between the CHR 2019 and CHR 2024 reports), that would be worth discussing here.\n- Another issue that is worth discussing is your target population, and what evidence you can describe that might indicate whether your selected states are a representative sample of the US as a whole, or perhaps some particular part of the United States.\n- You should also provide at least one useful \"next step\" that you could take to improve this analysis (just saying \"get more data\" isn't a sufficient next step.)\n\n"},"formats":{"html":{"identifier":{"display-name":"HTML","target-format":"html","base-format":"html"},"execute":{"fig-width":7,"fig-height":5,"fig-format":"retina","fig-dpi":96,"df-print":"default","error":false,"eval":true,"cache":null,"freeze":false,"echo":true,"output":true,"warning":true,"include":true,"keep-md":false,"keep-ipynb":false,"ipynb":null,"enabled":null,"daemon":null,"daemon-restart":false,"debug":false,"ipynb-filters":[],"ipynb-shell-interactivity":null,"plotly-connected":true,"engine":"knitr"},"render":{"keep-tex":false,"keep-typ":false,"keep-source":false,"keep-hidden":false,"prefer-html":false,"output-divs":true,"output-ext":"html","fig-align":"default","fig-pos":null,"fig-env":null,"code-fold":"none","code-overflow":"scroll","code-link":false,"code-line-numbers":false,"code-tools":false,"tbl-colwidths":"auto","merge-includes":true,"inline-includes":false,"preserve-yaml":false,"latex-auto-mk":true,"latex-auto-install":true,"latex-clean":true,"latex-min-runs":1,"latex-max-runs":10,"latex-makeindex":"makeindex","latex-makeindex-opts":[],"latex-tlmgr-opts":[],"latex-input-paths":[],"latex-output-dir":null,"link-external-icon":true,"link-external-newwindow":true,"self-contained-math":false,"format-resources":[],"notebook-links":true},"pandoc":{"standalone":true,"wrap":"none","default-image-extension":"png","to":"html","css":["styles.css"],"toc":true,"number-sections":true,"output-file":"analyses.html"},"language":{"toc-title-document":"Table of contents","toc-title-website":"On this page","related-formats-title":"Other Formats","related-notebooks-title":"Notebooks","source-notebooks-prefix":"Source","other-links-title":"Other Links","code-links-title":"Code Links","launch-dev-container-title":"Launch Dev Container","launch-binder-title":"Launch Binder","article-notebook-label":"Article Notebook","notebook-preview-download":"Download Notebook","notebook-preview-download-src":"Download Source","notebook-preview-back":"Back to Article","manuscript-meca-bundle":"MECA Bundle","section-title-abstract":"Abstract","section-title-appendices":"Appendices","section-title-footnotes":"Footnotes","section-title-references":"References","section-title-reuse":"Reuse","section-title-copyright":"Copyright","section-title-citation":"Citation","appendix-attribution-cite-as":"For attribution, please cite this work as:","appendix-attribution-bibtex":"BibTeX citation:","title-block-author-single":"Author","title-block-author-plural":"Authors","title-block-affiliation-single":"Affiliation","title-block-affiliation-plural":"Affiliations","title-block-published":"Published","title-block-modified":"Modified","title-block-keywords":"Keywords","callout-tip-title":"Tip","callout-note-title":"Note","callout-warning-title":"Warning","callout-important-title":"Important","callout-caution-title":"Caution","code-summary":"Code","code-tools-menu-caption":"Code","code-tools-show-all-code":"Show All Code","code-tools-hide-all-code":"Hide All Code","code-tools-view-source":"View Source","code-tools-source-code":"Source Code","tools-share":"Share","tools-download":"Download","code-line":"Line","code-lines":"Lines","copy-button-tooltip":"Copy to Clipboard","copy-button-tooltip-success":"Copied!","repo-action-links-edit":"Edit this page","repo-action-links-source":"View source","repo-action-links-issue":"Report an issue","back-to-top":"Back to top","search-no-results-text":"No results","search-matching-documents-text":"matching documents","search-copy-link-title":"Copy link to search","search-hide-matches-text":"Hide additional matches","search-more-match-text":"more match in this document","search-more-matches-text":"more matches in this document","search-clear-button-title":"Clear","search-text-placeholder":"","search-detached-cancel-button-title":"Cancel","search-submit-button-title":"Submit","search-label":"Search","toggle-section":"Toggle section","toggle-sidebar":"Toggle sidebar navigation","toggle-dark-mode":"Toggle dark mode","toggle-reader-mode":"Toggle reader mode","toggle-navigation":"Toggle navigation","crossref-fig-title":"Figure","crossref-tbl-title":"Table","crossref-lst-title":"Listing","crossref-thm-title":"Theorem","crossref-lem-title":"Lemma","crossref-cor-title":"Corollary","crossref-prp-title":"Proposition","crossref-cnj-title":"Conjecture","crossref-def-title":"Definition","crossref-exm-title":"Example","crossref-exr-title":"Exercise","crossref-ch-prefix":"Chapter","crossref-apx-prefix":"Appendix","crossref-sec-prefix":"Section","crossref-eq-prefix":"Equation","crossref-lof-title":"List of Figures","crossref-lot-title":"List of Tables","crossref-lol-title":"List of Listings","environment-proof-title":"Proof","environment-remark-title":"Remark","environment-solution-title":"Solution","listing-page-order-by":"Order By","listing-page-order-by-default":"Default","listing-page-order-by-date-asc":"Oldest","listing-page-order-by-date-desc":"Newest","listing-page-order-by-number-desc":"High to Low","listing-page-order-by-number-asc":"Low to High","listing-page-field-date":"Date","listing-page-field-title":"Title","listing-page-field-description":"Description","listing-page-field-author":"Author","listing-page-field-filename":"File Name","listing-page-field-filemodified":"Modified","listing-page-field-subtitle":"Subtitle","listing-page-field-readingtime":"Reading Time","listing-page-field-wordcount":"Word Count","listing-page-field-categories":"Categories","listing-page-minutes-compact":"{0} min","listing-page-category-all":"All","listing-page-no-matches":"No matching items","listing-page-words":"{0} words"},"metadata":{"lang":"en","fig-responsive":true,"quarto-version":"1.4.555","editor":"source","theme":"pulse","date-format":"iso","title":"Project A Analyses","author":"Liangliang Zhang, Ph.D.","date-modified":"last-modified"},"extensions":{"book":{"multiFile":true}}}},"projectFormats":["html"]}