{"title":"Project A Data","markdown":{"yaml":{"title":"Project A Data","author":"Liangliang Zhang, Ph.D.","date-modified":"last-modified"},"headingText":"What Data Will I Use?","containsRefs":false,"markdown":"\n\n```{r setup, include=FALSE}\nknitr::opts_chunk$set(comment = NA)\nlibrary(tidyverse)\n```\n\n::: {.callout-important}\n\nBefore starting your Data work, it's a **really** good idea to read through:\n\n- this entire Data page\n- the entire Project A [Plan page](plan.qmd), and\n- the [Examples material](examples.qmd) related to the Project A Plan, specifically the Project A Plan template.\n\nTrust us. You'll save **a lot** of time and energy if you do so.\n\n:::\n\n\nYour Project A will use the 2024 version of the analytic data from [County Health Rankings](https://www.countyhealthrankings.org/) (**CHR 2024**) for most of the work^[In Analysis 3, we will also use **CHR 2019** as you'll see]. Some prior CHR data has been part of our course, but you'll obtain, clean and manage a new data set for Project A.\n\nThe key elements we'll use are found in the [Rankings Data & Documentation section](https://www.countyhealthrankings.org/explore-health-rankings/rankings-data-documentation) at the County Health Rankings website, specifically the National Data & Documentation section site for the 2024 County Health Rankings. Specifically, you'll need to download four files in order to get and use the data:\n\n- [the 2024 CHR CSV Analytic Data](https://www.countyhealthrankings.org/sites/default/files/media/document/analytic_data2024.csv) (a .csv file)\n- [the 2024 Data Dictionary](https://www.countyhealthrankings.org/sites/default/files/media/document/DataDictionary_2024.pdf) (PDF)\n- [the 2024 Technical Document](https://www.countyhealthrankings.org/sites/default/files/media/document/2024%20CHRR%20Technical%20Document_1.pdf)\n\nIn addition, when building the Codebook as part of your [Project A Plan](plan.qmd), you'll use [this CHR 2024 Measures link](https://www.countyhealthrankings.org/health-data/county-health-rankings-measures) to obtain further details on the variables you select. \n\n# Developing the Data: Data Tasks\n\nObtaining and cleaning your data takes a little while, but you can start at any time. First, in broad terms, here are the six data tasks you need to complete in order to build your Project A Plan.\n\n1. Ingest the raw data from CHR 2024 into a tibble in R called `chr_2024_raw`, then filter these raw data to only the counties actually ranked by CHR.\n2. In addition to Ohio, select five more states (from a set we provide) to study, so that you wind up with at least 300 and no more than 800 counties in your study. Create a new `chr_2024` tibble that contains only the counties from your chosen six states (including Ohio).\n3. Reduce your data to a selection of nine variables (4 we specify below and 5 more you'll select from options we provide), rename them in helpful ways, clean up problems, then save this smaller tibble as `chr_2024`.\n4. Create a new binary factor (categorical variable) from the fourth of the 5 variables you selected in the previous task, and add it to `chr_2024` so it now contains 10 variables.\n5. Pull into your `chr_2024` tibble data from the 2019 County Health Rankings on the fifth of the 5 variables selected in Task 3 using a data set we provide, so you can complete Analysis 3, and will now have 11 variables.\n6. Save the resulting `chr_2024` tibble as an R data set with 11 variables, and you will share this new `.Rds` file with us as part of your Project A Plan.\n\n# Data Task 1. Ingest the raw data \n\nBegin an R Project just for Project A, and create a Quarto file within that project where you will do your data development work. Working from a template, or from your own best understanding of what works well for you, start by loading the packages you'll need, including the `tidyverse` and any other packages you plan to use.\n\nYou'll use `read_csv()` to ingest your raw `.csv` file into R and call the resulting tibble **chr_2024_raw**. But as you do this, you'll need to remove the top row from the .csv within your R code. You should probably look at the raw .csv in Excel or another spreadsheet system so that you know why we need to do this. To accomplish this, we'll use the `skip = 1` command within your `read_csv()` call. \n\nAt the same times, we'll restrict which variables we ingest to the \"raw value\" versions of the main CHR variables, so that we focus only on variables we plan to actually consider using. This requires a `select()` statement after the `read_csv()` to pull in the variables we'll need, including several whose names end with `rawvalue`\n\nSample code follows:\n\n```{r}\n#| eval: false\n\ndata_url <- \n  \"https://www.countyhealthrankings.org/sites/default/files/media/document/analytic_data2024.csv\"\n\nchr_2024_raw <- read_csv(data_url, skip = 1, guess_max = 4000,\n                         show_col_types = FALSE) |>\n  select(fipscode, county, state, county_clustered, year,\n         ends_with(\"rawvalue\"))\n```\n\n```{r}\n#| echo: false\n\ndata_url <- \n  \"https://www.countyhealthrankings.org/sites/default/files/media/document/analytic_data2024.csv\"\n\nchr_2024_raw <- read_csv(data_url, skip = 1, guess_max = 4000,\n                         show_col_types = FALSE) |>\n  select(fipscode, county, state, county_clustered, year,\n         ends_with(\"rawvalue\"))\n\nchr_2024 <- chr_2024_raw |> filter(county_clustered == 1)\n\nchr_2024_useful <- chr_2024 |>\n  filter(state %in% c(\"AL\", \"AR\", \"CA\", \"CO\", \"FL\", \"GA\", \n                      \"IA\", \"ID\", \"IL\", \"IN\", \"KS\", \"KY\",\n                      \"LA\", \"MD\", \"MI\", \"MN\", \"MO\", \"MS\",\n                      \"MT\", \"NC\", \"ND\", \"NE\", \"NJ\", \"NM\",\n                      \"NY\", \"OH\", \"OK\", \"OR\", \"PA\", \"SC\",\n                      \"SD\", \"TN\", \"TX\", \"UT\", \"VA\", \"WA\",\n                      \"WI\", \"WV\", \"WY\"))\n```\n\nThis code should create a `chr_2024_raw` tibble with 3195 rows (observations) and 90 columns (variables). \n\nTo complete Task 1, you'll need to augment the code above to restrict the `chr_2024_raw` data to include only the **3088** rows which have \"county_clustered\" values of 1, since the other rows will not be used by us in this project. \nAt the end of Task 1, your `chr_2024_raw` tibble should have 3088 rows (counties) and 90 columns (variables).\n\n# Data Task 2. Select six states\n\nNow we'll filter the `chr_2024_raw` data into a new tibble called **chr_2024** which contains the 300-800 rows (counties) you will actually study in your project. \n\nYour selection must include six of the states listed in the Table below, including: \n\n- the 88 counties of Ohio, and \n- all of the counties in **five** additional US states\n\n::: {.callout-note}\n\n1. You will need to write a sentence or two in your Project A Plan describing the reason for your selection of states, so you should have one.\n\n2. Don't forget to filter in Task 1 so that only those rows with `county_clustered` values of 1 are included. Otherwise, your counts won't match those shown in the table below.\n\n3. The table excludes Alaska, Arizona, Connecticut, Delaware, District of Columbia, Hawaii, Maine, Massachusetts, Nevada, New Hampshire,  Rhode Island and Vermont because they have fewer than 20 ranked counties or are missing meaningful data on key outcomes.\n:::\n\n## Table A. States You Can Select\n\nThe number of counties (with `county_clustered` values of 1 in CHR 2024) in each state (specified using its two-letter postal abbreviation) is listed below, for your convenience.\n\n`state` | State <br /> Name | clustered <br /> counties | `state` | State <br /> Name | clustered <br /> counties | `state` | State <br /> Name | clustered <br /> counties\n:--: | :-------: | ---: | :--: | :-------: | ---: | :--: | :-------: | ---: \n**AL** | Alabama | 67 | **MD** | Maryland | 24 | **OK** | Oklahoma | 77\n**AR** | Arkansas | 75 | **MI** | Michigan | 83 | **OR** | Oregon | 36 |\n**CA**  | California | 58 | **MN** | Minnesota | 87 | **PA** | Pennsylvania | 67\n**CO** | Colorado | 59 | **MO** | Missouri | 115 | **SC** | South Carolina | 46\n**FL** | Florida | 67 |  **MS** | Mississippi | 82 | **SD** | South Dakota | 62 \n**GA** | Georgia | 159 | **MT** | Montana | 48 | **TN** | Tennessee | 95\n**IA** | Iowa | 99 | **NC** | North Carolina | 100 | **TX** | Texas | 244\n**ID** | Idaho | 43 | **ND** | North Dakota | 51 | **UT** | Utah | 28\n**IL** | Illinois | 102 | **NE** | Nebraska | 79 | **VA** | Virginia | 133\n**IN** | Indiana | 92 | **NJ** | New Jersey | 21 | **WA** | Washington | 39\n**KS**  | Kansas | 104 | **NM** | New Mexico | 32 | **WI** | Wisconsin | 72\n**KY** | Kentucky | 120 | **NY** | New York | 62 | **WV** | West Virginia | 55\n**LA** | Louisiana | 64 | **OH** | **Ohio** | **88** | **WY** | Wyoming | 23\n\nRemember to select six states (including `OH`) yielding a total of 300-800 counties. \n\n- For example, one possible combination would be `IN` (92), `MD` (24), `NJ` (21), `OR` (36) and `WA` (39) with `OH` (88) yielding exactly 300 counties.\n- another possibility would be `GA` (159), `TX` (244), `IL` (102), `MN` (87) and `KY` (120) with `OH` (88) yielding exactly 800 counties.\n\nAfter making your selection, and filtering the data, you should have a tibble called `chr_2024` which contains all of the 300-800 counties in your six states, and 90 columns. Be sure that the `state` variable is now a *factor* variable, rather than just a `character` variable in your tibble.\n\n# Data Task 3. Select analytic variables\n\nNext, you will select exactly nine variables (columns) from the 90 you should have at the start of Task 3. These nine variables must include the following four:\n\nVariable <br /> Name | Description\n-----------: | -------------------------------------------------------------\n`fipscode` | the five-digit FIPS code for the county, which will be a convenient ID variable that is distinct for each row in your tibble\n`county` | the name of the county, which will be useful for labeling and identifying the counties\n`state` | a multi-categorical (with 6 levels) variable of two-letter postal abbreviations for your six selected states (as mentioned above, this should be a factor in R)\n`county_clustered` | tells us whether the row should be included in our data <br /> (all rows should have `county_clustered == 1`)\n\nThis set of four variables will then be followed by five variables that you will select from Table B, below.\n\n## Variables for Each Analysis\n\nEach of the variables you select should be of some interest to you on its own, in terms of either providing a health outcome of interest, or potentially providing useful information about a feature of the county that might relate to that health outcome. As part of the selection process, you should be developing appropriate **research questions** that lead to the identification of smart measures of interest (from those available) for predictors and outcomes in our Analyses. See the Project A [Plan page](plan.qmd) in these instructions for more on creating appropriate research questions.\n\nYou must select five **different** variables from Table B, as described below.\n\n1. Variable 1 will be your outcome for Analysis 1. It should be a measure describing some aspect of a community's health, rather than a demographic characteristic. Variables listed in Table B as Analysis 1 or 2 (predictor) should not be used as outcomes for either Analysis 1 or 2. As a result, you will be choosing one of these 20 variables for your Analysis 1 outcome:\n    - `v001`, `v002`, `v009`, `v011`, `v036`, `v042`, `v044`, `v049`, `v050`, `v060`, `v067`, `v070`, `v125`, `v127`, `v136`, `v139`, `v140`, `v143`, `v155`, or `v166`.\n2. Variable 2 will be your predictor for Analysis 1, so the relationship between variables 1 and 2 should be of interest to you.\n    - You can select any of the 30 variables in Table B for your Analysis 1 predictor.\n3. Variable 3 will be your outcome for Analysis 2. Like variable 1, it should describe some aspect of a community's health, rather than just its demographics.\n    - You can select any of the 20 variables eligible to be your Analysis 1 outcome as your Analysis 2 outcome. \n4. Variable 4 (after you categorize it, later) will be your predictor for Analysis 2. Again, the relationship between variables 3 and 4 should be of interest.\n    - You can select any of the 30 variables in Table B for your Analysis 2 predictor.\n5. Variable 5 is your Analysis 3 outcome, which you will compare to its CHR 2019 value in the County Health Rankings data. This is restricted a bit more, and Table B shows 10 options for Analysis 3.\n    - These 10 options are: `v009`, `v011`, `v036`, `v042`, `v049`, `v060`, `v070`, `v127`, `v139`, or `v143`.\n\nRemember that each of your five selections must be a different variable.\n\n## Information to help select and build a codebook\n\nThe [2024 CHR Technical Document](https://www.countyhealthrankings.org/sites/default/files/media/document/2024%20CHRR%20Technical%20Document_1.pdf) file (PDF), and the [2024 Data Dictionary](https://www.countyhealthrankings.org/sites/default/files/media/document/DataDictionary_2024.pdf) file (also PDF) are crucial here, as those are the ones that explain what the available variables mean, and how they should be labeled. \n\n- In building your codebook for the Project A Plan, you will also need look up each measure you select at [this CHR 2024 Measures link](https://www.countyhealthrankings.org/health-data/county-health-rankings-measures), so now would be a good time to do that, as well.\n\n## Table B. Variables You Can Select\n\nYou will select **five different** variables from the list in Table B of variables in the CHR 2024 report. \n\n::: {.callout-note}\n\n1. The listing \"v001\" in Table B refers to the variable named \"**v001_rawvalue**\", and `_rawvalue` should be similarly appended to each of the other variable codes. \n2. There are many `vXXX_rawvalue` variables in the CHR data which we don't include in the list below, for several reasons, but usually because of substantial missing data.\n\n:::\n\nVariable | Brief Label from CHR | Analyses | Cleaning Requirements\n------: | ---------------------- | :-----: | ----------------------------\n**`v001`** | Premature death | 1 or 2 | Divide by 100 to represent losses per 1000 population. Don't use `v127` in same analysis.\n**`v002`** | Poor or fair health | 1 or 2 | Multiply by 100 to describe *percentage*, rather than proportion\n**`v009`** | Adult smoking | 1, 2 or 3 | Multiply by 100 to describe *percentage*, rather than proportion\n**`v011`** | Adult obesity | 1, 2 or 3 | Multiply by 100 to describe *percentage*, rather than proportion\n**`v023`** | Unemployment | 1 or 2 <br /> (predictor) | Multiply by 100 to describe *percentage*, rather than proportion\n**`v036`** | Poor physical health days | 1, 2 or 3 | OK as is.\n**`v042`** | Poor mental health days | 1, 2 or 3 | OK as is.\n**`v044`** | Income inequality | 1 or 2 | OK as is.\n**`v049`** | Excessive drinking | 1, 2 or 3 | Multiply by 100 to describe *percentage*, rather than proportion\n**`v050`** | Mammography screening | 1 or 2 | Multiply by 100 to describe *percentage*, rather than proportion\n**`v053`** | Proportion ages 65 and older | 1 or 2 <br /> (predictor) | Multiply by 100 to describe *percentage*, rather than proportion\n**`v057`** | Proportion female | 1 or 2 <br /> (predictor) | Multiply by 100 to describe *percentage*, rather than proportion\n**`v058`** | Proportion rural | 1 or 2 <br /> (predictor) | Multiply by 100 to describe *percentage*, rather than proportion\n**`v059`** | Proportion not proficient in English | 1 or 2 <br /> (predictor) | Multiply by 100 to describe *percentage*, rather than proportion\n**`v060`** | Diabetes prevalence | 1, 2 or 3 | Multiply by 100 to describe *percentage*, rather than proportion\n**`v063`** | Median household income | 1 or 2 <br /> (predictor) | Divide by 1000 to represent income in thousands of dollars\n**`v067`** | Driving alone to work | 1 or 2 | Multiply by 100 to describe *percentage*, rather than proportion\n**`v070`** | Physical inactivity | 1, 2 or 3 | Multiply by 100 to describe *percentage*, rather than proportion\n**`v085`** | Uninsured | 1 or 2 <br /> (predictor) | Multiply by 100 to describe *percentage*, rather than proportion\n**`v125`** | Air pollution - particulate matter | 1 or 2 | OK as is.\n**`v126`** | Proportion non-hispanic white | 1 or 2 <br /> (predictor) | Multiply by 100 to describe *percentage*, rather than proportion. Also, see note below.\n**`v127`** | Premature age-adjusted mortality | 1, 2 or 3 | OK as is. Do not use in same analysis as `v001`.\n**`v136`** | Severe housing problems | 1 or 2 | Multiply by 100 to describe *percentage*, rather than proportion. \n**`v139`** | Food insecurity | 1, 2 or 3 | Multiply by 100 to describe *percentage*, rather than proportion. \n**`v140`** | Social associations | 1 or 2 | OK as is.\n**`v143`** | Insufficient sleep | 1, 2 or 3 | Multiply by 100 to describe *percentage*, rather than proportion\n**`v151`** | Gender pay gap | 1 or 2 <br /> (predictor) | OK as is.\n**`v155`** | Flu vaccinations | 1 or 2 | Multiply by 100 to describe *percentage*, rather than proportion\n**`v166`** | Broadband access | 1 or 2 | Multiply by 100 to describe *percentage*, rather than proportion\n**`v168`** | High school completion | 1 or 2 <br /> (predictor) | Multiply by 100 to describe *percentage*, rather than proportion\n\n::: {.callout-note}\n\n- The variable `v001` is very tempting to use an outcome. That’s OK, but be sure to consider the use of `v127` as an outcome if mortality interests you. Do not use `v001` and `v127` in the same Analysis.\n- A serious look at the impact of race/ethnicity is beyond the scope of Project A. If you are interested in studying race and ethnicity and their impact on a health outcome, we suggest using `v126`, (or its inverse, 1 - `v126`), to incorporate this dimension as a predictor. This is because there's more variation in the `v126` data across the reported counties than other variables describing race or ethnicity. \n- The **brief label from CHR** column in Table B are shown in the first (deleted in R) row in the raw .csv file for 2024, and are also specified in the [2024 CHR Data Dictionary](https://www.countyhealthrankings.org/sites/default/files/media/document/DataDictionary_2024.pdf) PDF file.\n- A key issue for developing these variables is correctly specifying the units of measurement (note that the indexes don't have units) so that you should be careful to note that in selecting your variables.\n\n:::\n\n## Clean and Rename Your Selected Variables\n\nFind each of your five selected variables in Table B, then do what is suggested in the **Cleaning Requirements** section of Table B as part of your data development work for that variable. All of your selected variables should be **renamed** (and it would help also to apply `clean_names()` from the `janitor` package) so as to have descriptive and maximally helpful variable names. \n\nUse the (cleaned and renamed) version of each variable in your work going forward.\n\n- For example, if you have decided to use as a quantitative variable something like  `v009_rawvalue`, which is about adult smoking, you should rename the variable `v009_rawvalue` to **adult_smoking** in your tibble. \n- If you plan to use the variable as your categorical predictor, you should still make the appropriate change to the original quantitative version as indicated in Table B.\n\n# Data Task 4. Create a factor for the Analysis 2 predictor\n\nCreate a new categorical variables (factor) based on your fourth variable, and add this new factor to your **chr_2024** tibble. You'll also retain the original (quantitative) version of this variable, so your tibble will now have 10 variables. I'll describe the three steps here, and then show some sample code.\n\n1. Divide the values in your variable 4 into three groups, as follows:\n    - values in the lowest 40% of your sample's observations (the low group)\n    - values in the middle 20% of your sample's observations (the middle group)\n    - values in the highest 40% of your sample's observations (the high group)\n    \n2. Create a new factor which has two levels, low and high (although you can use other labels if you prefer), based on your three-level categorization, and treats the rest (middle group) as missing. \n    - This should yield (from your original set of 300-800 counties) between 120 and 320 counties having the low level, 120-320 having the  high level, and 60-160 missing values in the new factor variable.\n\n3. Add the resulting (binary) factor to your **chr_2024** tibble. \n\nHere's some sample code for these three steps.\n\nTo establish our cutpoints, we should look at the 40th and 60th percentiles of the existing data for our planned predictor for Analysis 2, which I'll call `varXXX`.\n\n```{r}\n#| eval: false\n\nchr_2024 |>\n  summarise(q40 = quantile(varXXX, c(0.4)),\n            q60 = quantile(varXXX, c(0.6)))\n            \n```\n\nSuppose those results were 7 and 12. Then we want to create a three-level variable where values of 7 and lower will fall in the \"Low\" group, and values of 12 and higher will fall in the \"High\" group^[We could have chosen to use \"less than 7\" and \"higher than 12\" as well, which would potentially have a small impact on our final groups.].\n\n```{r}\n#| eval: false\n\nchr_2024 <- chr_2024 |>\n  mutate(varXXX_grp = case_when(\n    varXXX <= 7 ~ \"Low\",\n    varXXX >= 12 ~ \"High\")) |>\n  mutate(varXXX_grp = factor(varXXX_grp))\n```\n\nThis should result in a `varXXX_grp` variable being in your `chr_2024` now, where about 40% of our subjects in the High group and about 40% in the Low group, with the rest now listed as missing, and the `varXXX_grp` variable is now a factor. So you'll want to demonstrate that all of those things are true in your case.\n\n::: {.callout-note}\n\n1. If you have any missing values (there won't be many) in your variable 4, those values should be listed with the  missing group in your new factor.\n2. If `v009_rawvalue` (about adult smoking) is to be your categorical factor for Analysis 2, then you should include both the original quantitative value (renamed `adult_smoking_raw`) and your categorical variable that you'll actually use in analyses, which should be named something like `adult_smoking_cat` or `adult_smoking_grp`.\n\n:::\n\n# Data Task 5. Add data from CHR 2019 for your Analysis 3 outcome\n\nThe data in the `431-projectA-chr_2019.csv` file on our [431-data](https://github.com/THOMASELOVE/431-data) repository should be used to pull in the data from CHR 2019.\n\nAssuming you have placed the `431-projectA-chr_2019.csv` file in your R Project directory for Project A, then the following code should pull in the information you'll need into a tibble.\n\n```{r}\n#| eval: false\nchr_2019_raw <- read_csv(\"431-projectA-chr_2019.csv\", \n                         guess_max = 4000, \n                         show_col_types = FALSE)\n\nchr_2019_raw <- chr_2019_raw |> \n  mutate(fipscode = as.character(fipscode))\n```\n\nNow, create a tibble called **chr_2019** containing just two variables: the `fipscode` and the variable you're using as your Analysis 3 outcome. Just substitute in the appropriate value for `XXX` in the code below.\n\n```{r}\n#| eval: false\n\nchr_2019 <- chr_2019_raw |>\n  select(fipscode, vXXX_rawvalue)\n```\n\nNext, join together your chr_2024 data and this new file by levels of `fipscode`, using the `left_join()` function from the `dplyr` package:\n\n```{r}\n#| eval: false\n\nchr_2024 <- left_join(chr_2024, chr_2019, by = \"fipscode\")\n```\n\nNow look at your result, and rename the two versions of your Analysis 3 outcome to be something like **adult_smoking_2024** and **adult_smoking_2019**.\n\n::: {.callout-note}\n\nAcross all of the states you might have selected back in Data Task 3, each of these variables has information for **2,958** ranked counties in CHR 2024. However, **14** counties were ranked in CHR 2024 but not in CHR 2019. When we join the data in CHR 2024 to the data in CHR 2019, there are **14** counties with missing CHR 2019 data on these variables.\n\n**The affected states** are: CO (1 county with missing CHR 2019 data), ID (1), KS (2), MS (1), MT (2), ND (2), NE (1), OR(1), SD (1), TX (1) and UT (1).\n\nAs a result, depending on what states you selected, this joining may or may not produce missing values in your CHR 2019 version of the Analysis 3 outcome.\n:::\n\n## Sources and Years for CHR 2019 Variables\n\nCounty Health Rankings data for variables reported in CHR 2019 eligible for use in Project A Analysis 3 are listed below, with their descriptions, including the source and year(s) in which they were gathered. Please incorporate this information into your codebook.\n\nSimilar information for CHR 2024 variables is found at [this link](https://www.countyhealthrankings.org/health-data/county-health-rankings-measures), and should also be placed in your codebook.\n\n\nVariable | Brief Label from CHR  | Source | Year(s)\n------: | ---------------------- | --------------------------- | :-------:\n**`v009`** | Adult smoking | Behavioral Risk Factor Surveillance System | 2016\n**`v011`** | Adult obesity | CDC Diabetes Interactive Atlas | 2015\n**`v036`** | Poor physical health days | Behavioral Risk Factor Surveillance System | 2016\n**`v042`** | Poor mental health days | Behavioral Risk Factor Surveillance System | 2016\n**`v049`** | Excessive drinking | Behavioral Risk Factor Surveillance System | 2016\n**`v060`** | Diabetes prevalence | CDC Diabetes Interactive Atlas | 2015\n**`v070`** | Physical inactivity | CDC Diabetes Interactive Atlas | 2015\n**`v127`** | Premature age-adjusted mortality | CDC WONDER Mortality Data | 2015-2017\n**`v139`** | Food insecurity | Map the Meal Gap\t| 2016\n**`v143`** | Insufficient sleep | Behavioral Risk Factor Surveillance System | 2016\n\n\n# Data Task 6. Re-order variables and save the final `chr_2024` tibble\n\nRevise the **chr_2024** tibble to arrange your final tibble's 11 variables in the following order:\n\n1. `fipscode`,\n2. `state`, \n3. `county`, \n4. your selected (and renamed) variable 1 (Analysis 1 outcome),\n5. your selected (and renamed) variable 2 (Analysis 1 predictor),\n6. your selected (and renamed) variable 3 (Analysis 2 outcome),\n7. your binary factor describing variable 4 (Analysis 2 predictor),\n8. your original (quantitative version) of variable 4, \n9. your selected (and renamed) variable 5 (from CHR 2024), \n10. your selected (and renamed) variable 5 (from CHR 2019),\n11. the `county_clustered` variable (whose values must all be 1)\n\nSave this final **chr_2024** tibble with 11 variables as an R data set (.Rds file) in your R Project, with the file name **chr_2024_YOURNAME.Rds**. You will share this file with us as part of your Project A Plan. If you like, you can store this `.Rds` file in a `data` subdirectory within your R Project.\n\n::: {.callout-note}\n\n1. There are several ways to rearrange columns in a tibble, including the `select()` and/or `relocate()` functions from `dplyr`.\n2. After your cleaning is done, each row in your `chr_2024` tibble should contain all of the counties within the 6 states you are studying, and no other counties should be included in your tibble. \n3. If data for some counties are missing in the raw data for one or more of your variables (and this will be true at least for your binary factor representing low and high levels of variable 4, and perhaps also for your CHR 2019 version of variable 5, and maybe even for some of your other selected variables), then these data should be indicated as missing (using NA) in the tibble.\n4. There is no need to set a seed in this process, as you are not doing anything that involves selecting a random sample.\n\n:::\n\n\n","srcMarkdownNoYaml":"\n\n```{r setup, include=FALSE}\nknitr::opts_chunk$set(comment = NA)\nlibrary(tidyverse)\n```\n\n::: {.callout-important}\n\nBefore starting your Data work, it's a **really** good idea to read through:\n\n- this entire Data page\n- the entire Project A [Plan page](plan.qmd), and\n- the [Examples material](examples.qmd) related to the Project A Plan, specifically the Project A Plan template.\n\nTrust us. You'll save **a lot** of time and energy if you do so.\n\n:::\n\n# What Data Will I Use?\n\nYour Project A will use the 2024 version of the analytic data from [County Health Rankings](https://www.countyhealthrankings.org/) (**CHR 2024**) for most of the work^[In Analysis 3, we will also use **CHR 2019** as you'll see]. Some prior CHR data has been part of our course, but you'll obtain, clean and manage a new data set for Project A.\n\nThe key elements we'll use are found in the [Rankings Data & Documentation section](https://www.countyhealthrankings.org/explore-health-rankings/rankings-data-documentation) at the County Health Rankings website, specifically the National Data & Documentation section site for the 2024 County Health Rankings. Specifically, you'll need to download four files in order to get and use the data:\n\n- [the 2024 CHR CSV Analytic Data](https://www.countyhealthrankings.org/sites/default/files/media/document/analytic_data2024.csv) (a .csv file)\n- [the 2024 Data Dictionary](https://www.countyhealthrankings.org/sites/default/files/media/document/DataDictionary_2024.pdf) (PDF)\n- [the 2024 Technical Document](https://www.countyhealthrankings.org/sites/default/files/media/document/2024%20CHRR%20Technical%20Document_1.pdf)\n\nIn addition, when building the Codebook as part of your [Project A Plan](plan.qmd), you'll use [this CHR 2024 Measures link](https://www.countyhealthrankings.org/health-data/county-health-rankings-measures) to obtain further details on the variables you select. \n\n# Developing the Data: Data Tasks\n\nObtaining and cleaning your data takes a little while, but you can start at any time. First, in broad terms, here are the six data tasks you need to complete in order to build your Project A Plan.\n\n1. Ingest the raw data from CHR 2024 into a tibble in R called `chr_2024_raw`, then filter these raw data to only the counties actually ranked by CHR.\n2. In addition to Ohio, select five more states (from a set we provide) to study, so that you wind up with at least 300 and no more than 800 counties in your study. Create a new `chr_2024` tibble that contains only the counties from your chosen six states (including Ohio).\n3. Reduce your data to a selection of nine variables (4 we specify below and 5 more you'll select from options we provide), rename them in helpful ways, clean up problems, then save this smaller tibble as `chr_2024`.\n4. Create a new binary factor (categorical variable) from the fourth of the 5 variables you selected in the previous task, and add it to `chr_2024` so it now contains 10 variables.\n5. Pull into your `chr_2024` tibble data from the 2019 County Health Rankings on the fifth of the 5 variables selected in Task 3 using a data set we provide, so you can complete Analysis 3, and will now have 11 variables.\n6. Save the resulting `chr_2024` tibble as an R data set with 11 variables, and you will share this new `.Rds` file with us as part of your Project A Plan.\n\n# Data Task 1. Ingest the raw data \n\nBegin an R Project just for Project A, and create a Quarto file within that project where you will do your data development work. Working from a template, or from your own best understanding of what works well for you, start by loading the packages you'll need, including the `tidyverse` and any other packages you plan to use.\n\nYou'll use `read_csv()` to ingest your raw `.csv` file into R and call the resulting tibble **chr_2024_raw**. But as you do this, you'll need to remove the top row from the .csv within your R code. You should probably look at the raw .csv in Excel or another spreadsheet system so that you know why we need to do this. To accomplish this, we'll use the `skip = 1` command within your `read_csv()` call. \n\nAt the same times, we'll restrict which variables we ingest to the \"raw value\" versions of the main CHR variables, so that we focus only on variables we plan to actually consider using. This requires a `select()` statement after the `read_csv()` to pull in the variables we'll need, including several whose names end with `rawvalue`\n\nSample code follows:\n\n```{r}\n#| eval: false\n\ndata_url <- \n  \"https://www.countyhealthrankings.org/sites/default/files/media/document/analytic_data2024.csv\"\n\nchr_2024_raw <- read_csv(data_url, skip = 1, guess_max = 4000,\n                         show_col_types = FALSE) |>\n  select(fipscode, county, state, county_clustered, year,\n         ends_with(\"rawvalue\"))\n```\n\n```{r}\n#| echo: false\n\ndata_url <- \n  \"https://www.countyhealthrankings.org/sites/default/files/media/document/analytic_data2024.csv\"\n\nchr_2024_raw <- read_csv(data_url, skip = 1, guess_max = 4000,\n                         show_col_types = FALSE) |>\n  select(fipscode, county, state, county_clustered, year,\n         ends_with(\"rawvalue\"))\n\nchr_2024 <- chr_2024_raw |> filter(county_clustered == 1)\n\nchr_2024_useful <- chr_2024 |>\n  filter(state %in% c(\"AL\", \"AR\", \"CA\", \"CO\", \"FL\", \"GA\", \n                      \"IA\", \"ID\", \"IL\", \"IN\", \"KS\", \"KY\",\n                      \"LA\", \"MD\", \"MI\", \"MN\", \"MO\", \"MS\",\n                      \"MT\", \"NC\", \"ND\", \"NE\", \"NJ\", \"NM\",\n                      \"NY\", \"OH\", \"OK\", \"OR\", \"PA\", \"SC\",\n                      \"SD\", \"TN\", \"TX\", \"UT\", \"VA\", \"WA\",\n                      \"WI\", \"WV\", \"WY\"))\n```\n\nThis code should create a `chr_2024_raw` tibble with 3195 rows (observations) and 90 columns (variables). \n\nTo complete Task 1, you'll need to augment the code above to restrict the `chr_2024_raw` data to include only the **3088** rows which have \"county_clustered\" values of 1, since the other rows will not be used by us in this project. \nAt the end of Task 1, your `chr_2024_raw` tibble should have 3088 rows (counties) and 90 columns (variables).\n\n# Data Task 2. Select six states\n\nNow we'll filter the `chr_2024_raw` data into a new tibble called **chr_2024** which contains the 300-800 rows (counties) you will actually study in your project. \n\nYour selection must include six of the states listed in the Table below, including: \n\n- the 88 counties of Ohio, and \n- all of the counties in **five** additional US states\n\n::: {.callout-note}\n\n1. You will need to write a sentence or two in your Project A Plan describing the reason for your selection of states, so you should have one.\n\n2. Don't forget to filter in Task 1 so that only those rows with `county_clustered` values of 1 are included. Otherwise, your counts won't match those shown in the table below.\n\n3. The table excludes Alaska, Arizona, Connecticut, Delaware, District of Columbia, Hawaii, Maine, Massachusetts, Nevada, New Hampshire,  Rhode Island and Vermont because they have fewer than 20 ranked counties or are missing meaningful data on key outcomes.\n:::\n\n## Table A. States You Can Select\n\nThe number of counties (with `county_clustered` values of 1 in CHR 2024) in each state (specified using its two-letter postal abbreviation) is listed below, for your convenience.\n\n`state` | State <br /> Name | clustered <br /> counties | `state` | State <br /> Name | clustered <br /> counties | `state` | State <br /> Name | clustered <br /> counties\n:--: | :-------: | ---: | :--: | :-------: | ---: | :--: | :-------: | ---: \n**AL** | Alabama | 67 | **MD** | Maryland | 24 | **OK** | Oklahoma | 77\n**AR** | Arkansas | 75 | **MI** | Michigan | 83 | **OR** | Oregon | 36 |\n**CA**  | California | 58 | **MN** | Minnesota | 87 | **PA** | Pennsylvania | 67\n**CO** | Colorado | 59 | **MO** | Missouri | 115 | **SC** | South Carolina | 46\n**FL** | Florida | 67 |  **MS** | Mississippi | 82 | **SD** | South Dakota | 62 \n**GA** | Georgia | 159 | **MT** | Montana | 48 | **TN** | Tennessee | 95\n**IA** | Iowa | 99 | **NC** | North Carolina | 100 | **TX** | Texas | 244\n**ID** | Idaho | 43 | **ND** | North Dakota | 51 | **UT** | Utah | 28\n**IL** | Illinois | 102 | **NE** | Nebraska | 79 | **VA** | Virginia | 133\n**IN** | Indiana | 92 | **NJ** | New Jersey | 21 | **WA** | Washington | 39\n**KS**  | Kansas | 104 | **NM** | New Mexico | 32 | **WI** | Wisconsin | 72\n**KY** | Kentucky | 120 | **NY** | New York | 62 | **WV** | West Virginia | 55\n**LA** | Louisiana | 64 | **OH** | **Ohio** | **88** | **WY** | Wyoming | 23\n\nRemember to select six states (including `OH`) yielding a total of 300-800 counties. \n\n- For example, one possible combination would be `IN` (92), `MD` (24), `NJ` (21), `OR` (36) and `WA` (39) with `OH` (88) yielding exactly 300 counties.\n- another possibility would be `GA` (159), `TX` (244), `IL` (102), `MN` (87) and `KY` (120) with `OH` (88) yielding exactly 800 counties.\n\nAfter making your selection, and filtering the data, you should have a tibble called `chr_2024` which contains all of the 300-800 counties in your six states, and 90 columns. Be sure that the `state` variable is now a *factor* variable, rather than just a `character` variable in your tibble.\n\n# Data Task 3. Select analytic variables\n\nNext, you will select exactly nine variables (columns) from the 90 you should have at the start of Task 3. These nine variables must include the following four:\n\nVariable <br /> Name | Description\n-----------: | -------------------------------------------------------------\n`fipscode` | the five-digit FIPS code for the county, which will be a convenient ID variable that is distinct for each row in your tibble\n`county` | the name of the county, which will be useful for labeling and identifying the counties\n`state` | a multi-categorical (with 6 levels) variable of two-letter postal abbreviations for your six selected states (as mentioned above, this should be a factor in R)\n`county_clustered` | tells us whether the row should be included in our data <br /> (all rows should have `county_clustered == 1`)\n\nThis set of four variables will then be followed by five variables that you will select from Table B, below.\n\n## Variables for Each Analysis\n\nEach of the variables you select should be of some interest to you on its own, in terms of either providing a health outcome of interest, or potentially providing useful information about a feature of the county that might relate to that health outcome. As part of the selection process, you should be developing appropriate **research questions** that lead to the identification of smart measures of interest (from those available) for predictors and outcomes in our Analyses. See the Project A [Plan page](plan.qmd) in these instructions for more on creating appropriate research questions.\n\nYou must select five **different** variables from Table B, as described below.\n\n1. Variable 1 will be your outcome for Analysis 1. It should be a measure describing some aspect of a community's health, rather than a demographic characteristic. Variables listed in Table B as Analysis 1 or 2 (predictor) should not be used as outcomes for either Analysis 1 or 2. As a result, you will be choosing one of these 20 variables for your Analysis 1 outcome:\n    - `v001`, `v002`, `v009`, `v011`, `v036`, `v042`, `v044`, `v049`, `v050`, `v060`, `v067`, `v070`, `v125`, `v127`, `v136`, `v139`, `v140`, `v143`, `v155`, or `v166`.\n2. Variable 2 will be your predictor for Analysis 1, so the relationship between variables 1 and 2 should be of interest to you.\n    - You can select any of the 30 variables in Table B for your Analysis 1 predictor.\n3. Variable 3 will be your outcome for Analysis 2. Like variable 1, it should describe some aspect of a community's health, rather than just its demographics.\n    - You can select any of the 20 variables eligible to be your Analysis 1 outcome as your Analysis 2 outcome. \n4. Variable 4 (after you categorize it, later) will be your predictor for Analysis 2. Again, the relationship between variables 3 and 4 should be of interest.\n    - You can select any of the 30 variables in Table B for your Analysis 2 predictor.\n5. Variable 5 is your Analysis 3 outcome, which you will compare to its CHR 2019 value in the County Health Rankings data. This is restricted a bit more, and Table B shows 10 options for Analysis 3.\n    - These 10 options are: `v009`, `v011`, `v036`, `v042`, `v049`, `v060`, `v070`, `v127`, `v139`, or `v143`.\n\nRemember that each of your five selections must be a different variable.\n\n## Information to help select and build a codebook\n\nThe [2024 CHR Technical Document](https://www.countyhealthrankings.org/sites/default/files/media/document/2024%20CHRR%20Technical%20Document_1.pdf) file (PDF), and the [2024 Data Dictionary](https://www.countyhealthrankings.org/sites/default/files/media/document/DataDictionary_2024.pdf) file (also PDF) are crucial here, as those are the ones that explain what the available variables mean, and how they should be labeled. \n\n- In building your codebook for the Project A Plan, you will also need look up each measure you select at [this CHR 2024 Measures link](https://www.countyhealthrankings.org/health-data/county-health-rankings-measures), so now would be a good time to do that, as well.\n\n## Table B. Variables You Can Select\n\nYou will select **five different** variables from the list in Table B of variables in the CHR 2024 report. \n\n::: {.callout-note}\n\n1. The listing \"v001\" in Table B refers to the variable named \"**v001_rawvalue**\", and `_rawvalue` should be similarly appended to each of the other variable codes. \n2. There are many `vXXX_rawvalue` variables in the CHR data which we don't include in the list below, for several reasons, but usually because of substantial missing data.\n\n:::\n\nVariable | Brief Label from CHR | Analyses | Cleaning Requirements\n------: | ---------------------- | :-----: | ----------------------------\n**`v001`** | Premature death | 1 or 2 | Divide by 100 to represent losses per 1000 population. Don't use `v127` in same analysis.\n**`v002`** | Poor or fair health | 1 or 2 | Multiply by 100 to describe *percentage*, rather than proportion\n**`v009`** | Adult smoking | 1, 2 or 3 | Multiply by 100 to describe *percentage*, rather than proportion\n**`v011`** | Adult obesity | 1, 2 or 3 | Multiply by 100 to describe *percentage*, rather than proportion\n**`v023`** | Unemployment | 1 or 2 <br /> (predictor) | Multiply by 100 to describe *percentage*, rather than proportion\n**`v036`** | Poor physical health days | 1, 2 or 3 | OK as is.\n**`v042`** | Poor mental health days | 1, 2 or 3 | OK as is.\n**`v044`** | Income inequality | 1 or 2 | OK as is.\n**`v049`** | Excessive drinking | 1, 2 or 3 | Multiply by 100 to describe *percentage*, rather than proportion\n**`v050`** | Mammography screening | 1 or 2 | Multiply by 100 to describe *percentage*, rather than proportion\n**`v053`** | Proportion ages 65 and older | 1 or 2 <br /> (predictor) | Multiply by 100 to describe *percentage*, rather than proportion\n**`v057`** | Proportion female | 1 or 2 <br /> (predictor) | Multiply by 100 to describe *percentage*, rather than proportion\n**`v058`** | Proportion rural | 1 or 2 <br /> (predictor) | Multiply by 100 to describe *percentage*, rather than proportion\n**`v059`** | Proportion not proficient in English | 1 or 2 <br /> (predictor) | Multiply by 100 to describe *percentage*, rather than proportion\n**`v060`** | Diabetes prevalence | 1, 2 or 3 | Multiply by 100 to describe *percentage*, rather than proportion\n**`v063`** | Median household income | 1 or 2 <br /> (predictor) | Divide by 1000 to represent income in thousands of dollars\n**`v067`** | Driving alone to work | 1 or 2 | Multiply by 100 to describe *percentage*, rather than proportion\n**`v070`** | Physical inactivity | 1, 2 or 3 | Multiply by 100 to describe *percentage*, rather than proportion\n**`v085`** | Uninsured | 1 or 2 <br /> (predictor) | Multiply by 100 to describe *percentage*, rather than proportion\n**`v125`** | Air pollution - particulate matter | 1 or 2 | OK as is.\n**`v126`** | Proportion non-hispanic white | 1 or 2 <br /> (predictor) | Multiply by 100 to describe *percentage*, rather than proportion. Also, see note below.\n**`v127`** | Premature age-adjusted mortality | 1, 2 or 3 | OK as is. Do not use in same analysis as `v001`.\n**`v136`** | Severe housing problems | 1 or 2 | Multiply by 100 to describe *percentage*, rather than proportion. \n**`v139`** | Food insecurity | 1, 2 or 3 | Multiply by 100 to describe *percentage*, rather than proportion. \n**`v140`** | Social associations | 1 or 2 | OK as is.\n**`v143`** | Insufficient sleep | 1, 2 or 3 | Multiply by 100 to describe *percentage*, rather than proportion\n**`v151`** | Gender pay gap | 1 or 2 <br /> (predictor) | OK as is.\n**`v155`** | Flu vaccinations | 1 or 2 | Multiply by 100 to describe *percentage*, rather than proportion\n**`v166`** | Broadband access | 1 or 2 | Multiply by 100 to describe *percentage*, rather than proportion\n**`v168`** | High school completion | 1 or 2 <br /> (predictor) | Multiply by 100 to describe *percentage*, rather than proportion\n\n::: {.callout-note}\n\n- The variable `v001` is very tempting to use an outcome. That’s OK, but be sure to consider the use of `v127` as an outcome if mortality interests you. Do not use `v001` and `v127` in the same Analysis.\n- A serious look at the impact of race/ethnicity is beyond the scope of Project A. If you are interested in studying race and ethnicity and their impact on a health outcome, we suggest using `v126`, (or its inverse, 1 - `v126`), to incorporate this dimension as a predictor. This is because there's more variation in the `v126` data across the reported counties than other variables describing race or ethnicity. \n- The **brief label from CHR** column in Table B are shown in the first (deleted in R) row in the raw .csv file for 2024, and are also specified in the [2024 CHR Data Dictionary](https://www.countyhealthrankings.org/sites/default/files/media/document/DataDictionary_2024.pdf) PDF file.\n- A key issue for developing these variables is correctly specifying the units of measurement (note that the indexes don't have units) so that you should be careful to note that in selecting your variables.\n\n:::\n\n## Clean and Rename Your Selected Variables\n\nFind each of your five selected variables in Table B, then do what is suggested in the **Cleaning Requirements** section of Table B as part of your data development work for that variable. All of your selected variables should be **renamed** (and it would help also to apply `clean_names()` from the `janitor` package) so as to have descriptive and maximally helpful variable names. \n\nUse the (cleaned and renamed) version of each variable in your work going forward.\n\n- For example, if you have decided to use as a quantitative variable something like  `v009_rawvalue`, which is about adult smoking, you should rename the variable `v009_rawvalue` to **adult_smoking** in your tibble. \n- If you plan to use the variable as your categorical predictor, you should still make the appropriate change to the original quantitative version as indicated in Table B.\n\n# Data Task 4. Create a factor for the Analysis 2 predictor\n\nCreate a new categorical variables (factor) based on your fourth variable, and add this new factor to your **chr_2024** tibble. You'll also retain the original (quantitative) version of this variable, so your tibble will now have 10 variables. I'll describe the three steps here, and then show some sample code.\n\n1. Divide the values in your variable 4 into three groups, as follows:\n    - values in the lowest 40% of your sample's observations (the low group)\n    - values in the middle 20% of your sample's observations (the middle group)\n    - values in the highest 40% of your sample's observations (the high group)\n    \n2. Create a new factor which has two levels, low and high (although you can use other labels if you prefer), based on your three-level categorization, and treats the rest (middle group) as missing. \n    - This should yield (from your original set of 300-800 counties) between 120 and 320 counties having the low level, 120-320 having the  high level, and 60-160 missing values in the new factor variable.\n\n3. Add the resulting (binary) factor to your **chr_2024** tibble. \n\nHere's some sample code for these three steps.\n\nTo establish our cutpoints, we should look at the 40th and 60th percentiles of the existing data for our planned predictor for Analysis 2, which I'll call `varXXX`.\n\n```{r}\n#| eval: false\n\nchr_2024 |>\n  summarise(q40 = quantile(varXXX, c(0.4)),\n            q60 = quantile(varXXX, c(0.6)))\n            \n```\n\nSuppose those results were 7 and 12. Then we want to create a three-level variable where values of 7 and lower will fall in the \"Low\" group, and values of 12 and higher will fall in the \"High\" group^[We could have chosen to use \"less than 7\" and \"higher than 12\" as well, which would potentially have a small impact on our final groups.].\n\n```{r}\n#| eval: false\n\nchr_2024 <- chr_2024 |>\n  mutate(varXXX_grp = case_when(\n    varXXX <= 7 ~ \"Low\",\n    varXXX >= 12 ~ \"High\")) |>\n  mutate(varXXX_grp = factor(varXXX_grp))\n```\n\nThis should result in a `varXXX_grp` variable being in your `chr_2024` now, where about 40% of our subjects in the High group and about 40% in the Low group, with the rest now listed as missing, and the `varXXX_grp` variable is now a factor. So you'll want to demonstrate that all of those things are true in your case.\n\n::: {.callout-note}\n\n1. If you have any missing values (there won't be many) in your variable 4, those values should be listed with the  missing group in your new factor.\n2. If `v009_rawvalue` (about adult smoking) is to be your categorical factor for Analysis 2, then you should include both the original quantitative value (renamed `adult_smoking_raw`) and your categorical variable that you'll actually use in analyses, which should be named something like `adult_smoking_cat` or `adult_smoking_grp`.\n\n:::\n\n# Data Task 5. Add data from CHR 2019 for your Analysis 3 outcome\n\nThe data in the `431-projectA-chr_2019.csv` file on our [431-data](https://github.com/THOMASELOVE/431-data) repository should be used to pull in the data from CHR 2019.\n\nAssuming you have placed the `431-projectA-chr_2019.csv` file in your R Project directory for Project A, then the following code should pull in the information you'll need into a tibble.\n\n```{r}\n#| eval: false\nchr_2019_raw <- read_csv(\"431-projectA-chr_2019.csv\", \n                         guess_max = 4000, \n                         show_col_types = FALSE)\n\nchr_2019_raw <- chr_2019_raw |> \n  mutate(fipscode = as.character(fipscode))\n```\n\nNow, create a tibble called **chr_2019** containing just two variables: the `fipscode` and the variable you're using as your Analysis 3 outcome. Just substitute in the appropriate value for `XXX` in the code below.\n\n```{r}\n#| eval: false\n\nchr_2019 <- chr_2019_raw |>\n  select(fipscode, vXXX_rawvalue)\n```\n\nNext, join together your chr_2024 data and this new file by levels of `fipscode`, using the `left_join()` function from the `dplyr` package:\n\n```{r}\n#| eval: false\n\nchr_2024 <- left_join(chr_2024, chr_2019, by = \"fipscode\")\n```\n\nNow look at your result, and rename the two versions of your Analysis 3 outcome to be something like **adult_smoking_2024** and **adult_smoking_2019**.\n\n::: {.callout-note}\n\nAcross all of the states you might have selected back in Data Task 3, each of these variables has information for **2,958** ranked counties in CHR 2024. However, **14** counties were ranked in CHR 2024 but not in CHR 2019. When we join the data in CHR 2024 to the data in CHR 2019, there are **14** counties with missing CHR 2019 data on these variables.\n\n**The affected states** are: CO (1 county with missing CHR 2019 data), ID (1), KS (2), MS (1), MT (2), ND (2), NE (1), OR(1), SD (1), TX (1) and UT (1).\n\nAs a result, depending on what states you selected, this joining may or may not produce missing values in your CHR 2019 version of the Analysis 3 outcome.\n:::\n\n## Sources and Years for CHR 2019 Variables\n\nCounty Health Rankings data for variables reported in CHR 2019 eligible for use in Project A Analysis 3 are listed below, with their descriptions, including the source and year(s) in which they were gathered. Please incorporate this information into your codebook.\n\nSimilar information for CHR 2024 variables is found at [this link](https://www.countyhealthrankings.org/health-data/county-health-rankings-measures), and should also be placed in your codebook.\n\n\nVariable | Brief Label from CHR  | Source | Year(s)\n------: | ---------------------- | --------------------------- | :-------:\n**`v009`** | Adult smoking | Behavioral Risk Factor Surveillance System | 2016\n**`v011`** | Adult obesity | CDC Diabetes Interactive Atlas | 2015\n**`v036`** | Poor physical health days | Behavioral Risk Factor Surveillance System | 2016\n**`v042`** | Poor mental health days | Behavioral Risk Factor Surveillance System | 2016\n**`v049`** | Excessive drinking | Behavioral Risk Factor Surveillance System | 2016\n**`v060`** | Diabetes prevalence | CDC Diabetes Interactive Atlas | 2015\n**`v070`** | Physical inactivity | CDC Diabetes Interactive Atlas | 2015\n**`v127`** | Premature age-adjusted mortality | CDC WONDER Mortality Data | 2015-2017\n**`v139`** | Food insecurity | Map the Meal Gap\t| 2016\n**`v143`** | Insufficient sleep | Behavioral Risk Factor Surveillance System | 2016\n\n\n# Data Task 6. Re-order variables and save the final `chr_2024` tibble\n\nRevise the **chr_2024** tibble to arrange your final tibble's 11 variables in the following order:\n\n1. `fipscode`,\n2. `state`, \n3. `county`, \n4. your selected (and renamed) variable 1 (Analysis 1 outcome),\n5. your selected (and renamed) variable 2 (Analysis 1 predictor),\n6. your selected (and renamed) variable 3 (Analysis 2 outcome),\n7. your binary factor describing variable 4 (Analysis 2 predictor),\n8. your original (quantitative version) of variable 4, \n9. your selected (and renamed) variable 5 (from CHR 2024), \n10. your selected (and renamed) variable 5 (from CHR 2019),\n11. the `county_clustered` variable (whose values must all be 1)\n\nSave this final **chr_2024** tibble with 11 variables as an R data set (.Rds file) in your R Project, with the file name **chr_2024_YOURNAME.Rds**. You will share this file with us as part of your Project A Plan. If you like, you can store this `.Rds` file in a `data` subdirectory within your R Project.\n\n::: {.callout-note}\n\n1. There are several ways to rearrange columns in a tibble, including the `select()` and/or `relocate()` functions from `dplyr`.\n2. After your cleaning is done, each row in your `chr_2024` tibble should contain all of the counties within the 6 states you are studying, and no other counties should be included in your tibble. \n3. If data for some counties are missing in the raw data for one or more of your variables (and this will be true at least for your binary factor representing low and high levels of variable 4, and perhaps also for your CHR 2019 version of variable 5, and maybe even for some of your other selected variables), then these data should be indicated as missing (using NA) in the tibble.\n4. There is no need to set a seed in this process, as you are not doing anything that involves selecting a random sample.\n\n:::\n\n\n"},"formats":{"html":{"identifier":{"display-name":"HTML","target-format":"html","base-format":"html"},"execute":{"fig-width":7,"fig-height":5,"fig-format":"retina","fig-dpi":96,"df-print":"default","error":false,"eval":true,"cache":null,"freeze":false,"echo":true,"output":true,"warning":true,"include":true,"keep-md":false,"keep-ipynb":false,"ipynb":null,"enabled":null,"daemon":null,"daemon-restart":false,"debug":false,"ipynb-filters":[],"ipynb-shell-interactivity":null,"plotly-connected":true,"engine":"knitr"},"render":{"keep-tex":false,"keep-typ":false,"keep-source":false,"keep-hidden":false,"prefer-html":false,"output-divs":true,"output-ext":"html","fig-align":"default","fig-pos":null,"fig-env":null,"code-fold":"none","code-overflow":"scroll","code-link":false,"code-line-numbers":false,"code-tools":false,"tbl-colwidths":"auto","merge-includes":true,"inline-includes":false,"preserve-yaml":false,"latex-auto-mk":true,"latex-auto-install":true,"latex-clean":true,"latex-min-runs":1,"latex-max-runs":10,"latex-makeindex":"makeindex","latex-makeindex-opts":[],"latex-tlmgr-opts":[],"latex-input-paths":[],"latex-output-dir":null,"link-external-icon":true,"link-external-newwindow":true,"self-contained-math":false,"format-resources":[],"notebook-links":true},"pandoc":{"standalone":true,"wrap":"none","default-image-extension":"png","to":"html","css":["styles.css"],"toc":true,"number-sections":true,"output-file":"data.html"},"language":{"toc-title-document":"Table of contents","toc-title-website":"On this page","related-formats-title":"Other Formats","related-notebooks-title":"Notebooks","source-notebooks-prefix":"Source","other-links-title":"Other Links","code-links-title":"Code Links","launch-dev-container-title":"Launch Dev Container","launch-binder-title":"Launch Binder","article-notebook-label":"Article Notebook","notebook-preview-download":"Download Notebook","notebook-preview-download-src":"Download Source","notebook-preview-back":"Back to Article","manuscript-meca-bundle":"MECA Bundle","section-title-abstract":"Abstract","section-title-appendices":"Appendices","section-title-footnotes":"Footnotes","section-title-references":"References","section-title-reuse":"Reuse","section-title-copyright":"Copyright","section-title-citation":"Citation","appendix-attribution-cite-as":"For attribution, please cite this work as:","appendix-attribution-bibtex":"BibTeX citation:","title-block-author-single":"Author","title-block-author-plural":"Authors","title-block-affiliation-single":"Affiliation","title-block-affiliation-plural":"Affiliations","title-block-published":"Published","title-block-modified":"Modified","title-block-keywords":"Keywords","callout-tip-title":"Tip","callout-note-title":"Note","callout-warning-title":"Warning","callout-important-title":"Important","callout-caution-title":"Caution","code-summary":"Code","code-tools-menu-caption":"Code","code-tools-show-all-code":"Show All Code","code-tools-hide-all-code":"Hide All Code","code-tools-view-source":"View Source","code-tools-source-code":"Source Code","tools-share":"Share","tools-download":"Download","code-line":"Line","code-lines":"Lines","copy-button-tooltip":"Copy to Clipboard","copy-button-tooltip-success":"Copied!","repo-action-links-edit":"Edit this page","repo-action-links-source":"View source","repo-action-links-issue":"Report an issue","back-to-top":"Back to top","search-no-results-text":"No results","search-matching-documents-text":"matching documents","search-copy-link-title":"Copy link to search","search-hide-matches-text":"Hide additional matches","search-more-match-text":"more match in this document","search-more-matches-text":"more matches in this document","search-clear-button-title":"Clear","search-text-placeholder":"","search-detached-cancel-button-title":"Cancel","search-submit-button-title":"Submit","search-label":"Search","toggle-section":"Toggle section","toggle-sidebar":"Toggle sidebar navigation","toggle-dark-mode":"Toggle dark mode","toggle-reader-mode":"Toggle reader mode","toggle-navigation":"Toggle navigation","crossref-fig-title":"Figure","crossref-tbl-title":"Table","crossref-lst-title":"Listing","crossref-thm-title":"Theorem","crossref-lem-title":"Lemma","crossref-cor-title":"Corollary","crossref-prp-title":"Proposition","crossref-cnj-title":"Conjecture","crossref-def-title":"Definition","crossref-exm-title":"Example","crossref-exr-title":"Exercise","crossref-ch-prefix":"Chapter","crossref-apx-prefix":"Appendix","crossref-sec-prefix":"Section","crossref-eq-prefix":"Equation","crossref-lof-title":"List of Figures","crossref-lot-title":"List of Tables","crossref-lol-title":"List of Listings","environment-proof-title":"Proof","environment-remark-title":"Remark","environment-solution-title":"Solution","listing-page-order-by":"Order By","listing-page-order-by-default":"Default","listing-page-order-by-date-asc":"Oldest","listing-page-order-by-date-desc":"Newest","listing-page-order-by-number-desc":"High to Low","listing-page-order-by-number-asc":"Low to High","listing-page-field-date":"Date","listing-page-field-title":"Title","listing-page-field-description":"Description","listing-page-field-author":"Author","listing-page-field-filename":"File Name","listing-page-field-filemodified":"Modified","listing-page-field-subtitle":"Subtitle","listing-page-field-readingtime":"Reading Time","listing-page-field-wordcount":"Word Count","listing-page-field-categories":"Categories","listing-page-minutes-compact":"{0} min","listing-page-category-all":"All","listing-page-no-matches":"No matching items","listing-page-words":"{0} words"},"metadata":{"lang":"en","fig-responsive":true,"quarto-version":"1.4.555","editor":"source","theme":"pulse","date-format":"iso","title":"Project A Data","author":"Liangliang Zhang, Ph.D.","date-modified":"last-modified"},"extensions":{"book":{"multiFile":true}}}},"projectFormats":["html"]}