{"title":"431 Project A Instructions","markdown":{"yaml":{"title":"431 Project A Instructions","author":"Liangliang Zhang, Ph.D.","date-modified":"last-modified"},"headingText":"What is on this Website?","containsRefs":false,"markdown":"\n\n```{r setup, include=FALSE}\nknitr::opts_chunk$set(comment = NA)\n```\n\n\n- The [Data page](data.qmd) describes the data you'll use, and walks you through the required cleaning and development of your final project tibble. \n    - You'll complete six data management tasks. Start this in **early September**.\n- The [Plan page](plan.qmd) describes the Project A Plan, which you will submit in late September, according to the deadline on the Course Calendar. \n    - You'll build this Plan in **the first three weeks of September**.\n- The [Analyses page](analyses.qmd) describes the analyses you'll do for the Portfolio **after** we accept your Project A Plan.\n- The [Portfolio page](portfolio.qmd) describes the final Project A submission, which includes a final report, a (recorded) presentation and the self-evaluation. \n    - You will build these items in **October**. \n- The [Examples page](examples.qmd) provides templates for the Project A Plan and for the Project A Portfolio's Final Report and other useful hints.\n<!-- - The top menu also provides links to [contact us](https://thomaselove.github.io/431-2024/contact.html), and to [the 431 home page](https://thomaselove.github.io/431-2024). -->\n\nProject A can be completed using ideas from Classes 1-10 in the 431 course.\n\n# What is Project A?\n\nProject A is the first of two data science projects you’ll be doing this semester. We've provided lots of guidance and much less flexibility than you’ll have in Project B. Each of you will work with part of the same data set (the [County Health Rankings 2024](https://www.countyhealthrankings.org/explore-health-rankings/rankings-data-documentation) data.) \n\nYou can work alone, or with **one** other person on this project. \n\n## Deliverables\n\nThere are two deadlines, each of which is specified on the Course Calendar.\n\n- The Project A [Plan](plan.qmd) is due in late September. \n    - You'll build a Quarto document (and render it into HTML) documenting the work you do, based on a template we've provided. \n    - You will make selections about states and variables and use them to create a clean \"tibble\" for the project, and you'll share that tibble with us as an R data frame. Instructions are found on the [Data page](data.qmd).\n    - You'll specify your planned research questions and link them to three types of analyses. Instructions for this are on the [Plan page](plan.qmd).\n    - You'll also need to tell us whether you're working alone or with a partner on Project A.\n    - The resulting plan will have 14 sections, some of which are straightforward and others which require more thought.\n- The Project A [Portfolio](portfolio.qmd) is due at the end of October, and includes:\n    - a report in Quarto, rendered as HTML of all of your work, much of which (13 of the eventual 17 sections) are (slightly edited) versions of your approved Project A Plan,\n    - a 3-minute recorded presentation which highlights some key findings from your report, and\n    - a self-evaluation form, which you'll complete after submitting the presentation and report. \n\n# The Data\n\nYou will be working (mostly) with data from the 2024 edition of [County Health Rankings](https://www.countyhealthrankings.org/).\n\n- These data describe most counties in the United States. Counties are located within states in the US. There are 88 counties, for instance, in Ohio.\n- The data are available now (along with extensive additional information) at the [County Health Rankings website](https://www.countyhealthrankings.org/explore-health-rankings/rankings-data-documentation).\n- Everyone in the class will start with the same data set, but will pick a subset of that data that will be different for each project.\n- You'll eventually do three main analyses. Analyses 1 and 2 solely use CHR 2024 data, while Analysis 3 adds some data from CHR 2019.\n\n## Cleaning the Data\n\nTo build your data set, you will:\n\n- select a subset of six states (Ohio will automatically be one of them, so you'll be selecting five others from a list we will provide) which together include at least **300** and no more than **800** counties.\n- select five different variables from the County Health Rankings data, from a list of several dozen options we provide.\n- In addition you will add four pre-specified variables (the county's FIPS code, the state postal abbreviation, the county name, and an indicator that the county is ranked/clustered by CHR) and create a factor version of one of your analytic variables.\n- Finally, you'll merge in 2019 data for your fifth variable, using a data set we've provided.\n\nYour final analytic tibble will have 300-800 rows (counties) and eleven columns (variables.)\n\n# The Project A Plan\n\nIn addition to showing us your data management work, your Project A Plan will:\n\n- identify your three research questions which will motivate your three analyses,\n- describe and justify your data management decisions, \n- provide a codebook for your data, and \n- summarize your data so we can ensure you're on the right track\n\nWe will review your Project A Plan and (perhaps after some revision) eventually accept it.\n\n# Analyses You'll Do\n\nOnce your Project A Plan is accepted, you will use your final analytic tibble to complete three Analyses. \n\n1. Visualizing and modeling the relationship between a quantitative outcome and a quantitative predictor, and using the model to make and assess some predictions.\n2. Visualizing and modeling the relationship between a quantitative outcome and a categorical predictor with two levels, and describing the inferences you can make about comparing the centers of the distributions in the two groups.\n3. Visualizing and modeling the relationship between a quantitative outcome reported in 2024 across your sample of counties, and that same outcome as it was reported in 2019, and then describing some inferences you can make regarding that comparison.\n\n# The Project A Portfolio\n\nAs mentioned, your Project A Portfolio will include:\n\n- a Final Report (which includes and slightly augments the Portfolio and your Analyses) which includes an R data set, a Quarto file, and an HTML result, along with \n- a 3-minute (.mp4) video highlighting two findings from your Project A, and\n- a Project A self-evaluation completed by filling out a Google Form.\n\n# Project A Objectives \n\nIt is hard to learn statistics (or anything else) passively; concurrent theory and application are essential^[Though by no means an original idea, this particular phrasing is stolen from Harry Roberts.].\n\n> \"Statistics has no reason for existence except as the catalyst for investigation and discovery.\" [George E. P. Box](https://en.wikipedia.org/wiki/George_E._P._Box)\n\nI am primarily interested in your learning something interesting, useful and even valuable from your project experiences in 431. In particular, an effective Project A will demonstrate:\n\n1. The ability to create and formulate research questions that are statistically and scientifically appropriate.\n2. The ability to turn research questions into measures of interest.\n3. The ability to pull and merge and clean and tidy data, then present the data set following [Jeff Leek's guide to sharing data with a statistician](https://github.com/jtleek/datasharing).\n4. The ability to build a reasonable trio of analyses, and assess their quality.\n5. The ability to identify and (with help) solve problems that crop up.\n6. The ability to comment on your work within code, and in written and oral presentation. You have to be able to *reason* about your findings, not just generate the code to solve the problem.\n7. The ability to build a Quarto-based report and to give a short presentation based on key findings from that report.\n\nProject A is about building relatively simple analyses and visualizing data from a (fairly clean) data set. Tools necessary for Project A include:\n\n- Describing the experimental or observational study design used to gather the data, as well as the complete data collection process.\n- Sharing the process of ingesting and tidying the data, with specific reference to the decisions you make to \"clean\" things up.\n- Descriptive and exploratory summaries of the data including, of course, attractive and well-constructed visualizations, which may include both graphs and tables.\n- Developing appropriate research questions that lead to the identification of smart measures for your three analyses.\n- Regression-based modeling of a quantitative outcome using a quantitative predictor, including discussion of potential transformations, and making predictions.\n- Regression-based comparisons of mean differences for a quantitative outcome across a set of two groups, including appropriate evaluation of the assumptions behind the models you build, and description of inferential results (comparisons).\n- Regression-based comparisons of mean differences when comparing an outcome reported in 2024 to that same outcome reported five years earlier, including appropriate evaluation of the assumptions behind the models you build, and description of inferential results (comparisons).\n\n> Think of a graph as a comparison. All graphs are comparisons (indeed, all statistical analyses are comparisons). If you already have the graph in mind, think of what comparisons it's enabling. Or if you haven't settled on the graph yet, think of what comparisons you'd like to make. [Andrew Gelman](http://andrewgelman.com/2014/03/25/statistical-graphics-course-statistical-graphics-advice/)\n\n<!-- # Questions? -->\n\n<!-- If you have questions, let us know about them using any of the approaches described on our [Contact Us page](https://thomaselove.github.io/431-2024/contact.html). -->","srcMarkdownNoYaml":"\n\n```{r setup, include=FALSE}\nknitr::opts_chunk$set(comment = NA)\n```\n\n# What is on this Website?\n\n- The [Data page](data.qmd) describes the data you'll use, and walks you through the required cleaning and development of your final project tibble. \n    - You'll complete six data management tasks. Start this in **early September**.\n- The [Plan page](plan.qmd) describes the Project A Plan, which you will submit in late September, according to the deadline on the Course Calendar. \n    - You'll build this Plan in **the first three weeks of September**.\n- The [Analyses page](analyses.qmd) describes the analyses you'll do for the Portfolio **after** we accept your Project A Plan.\n- The [Portfolio page](portfolio.qmd) describes the final Project A submission, which includes a final report, a (recorded) presentation and the self-evaluation. \n    - You will build these items in **October**. \n- The [Examples page](examples.qmd) provides templates for the Project A Plan and for the Project A Portfolio's Final Report and other useful hints.\n<!-- - The top menu also provides links to [contact us](https://thomaselove.github.io/431-2024/contact.html), and to [the 431 home page](https://thomaselove.github.io/431-2024). -->\n\nProject A can be completed using ideas from Classes 1-10 in the 431 course.\n\n# What is Project A?\n\nProject A is the first of two data science projects you’ll be doing this semester. We've provided lots of guidance and much less flexibility than you’ll have in Project B. Each of you will work with part of the same data set (the [County Health Rankings 2024](https://www.countyhealthrankings.org/explore-health-rankings/rankings-data-documentation) data.) \n\nYou can work alone, or with **one** other person on this project. \n\n## Deliverables\n\nThere are two deadlines, each of which is specified on the Course Calendar.\n\n- The Project A [Plan](plan.qmd) is due in late September. \n    - You'll build a Quarto document (and render it into HTML) documenting the work you do, based on a template we've provided. \n    - You will make selections about states and variables and use them to create a clean \"tibble\" for the project, and you'll share that tibble with us as an R data frame. Instructions are found on the [Data page](data.qmd).\n    - You'll specify your planned research questions and link them to three types of analyses. Instructions for this are on the [Plan page](plan.qmd).\n    - You'll also need to tell us whether you're working alone or with a partner on Project A.\n    - The resulting plan will have 14 sections, some of which are straightforward and others which require more thought.\n- The Project A [Portfolio](portfolio.qmd) is due at the end of October, and includes:\n    - a report in Quarto, rendered as HTML of all of your work, much of which (13 of the eventual 17 sections) are (slightly edited) versions of your approved Project A Plan,\n    - a 3-minute recorded presentation which highlights some key findings from your report, and\n    - a self-evaluation form, which you'll complete after submitting the presentation and report. \n\n# The Data\n\nYou will be working (mostly) with data from the 2024 edition of [County Health Rankings](https://www.countyhealthrankings.org/).\n\n- These data describe most counties in the United States. Counties are located within states in the US. There are 88 counties, for instance, in Ohio.\n- The data are available now (along with extensive additional information) at the [County Health Rankings website](https://www.countyhealthrankings.org/explore-health-rankings/rankings-data-documentation).\n- Everyone in the class will start with the same data set, but will pick a subset of that data that will be different for each project.\n- You'll eventually do three main analyses. Analyses 1 and 2 solely use CHR 2024 data, while Analysis 3 adds some data from CHR 2019.\n\n## Cleaning the Data\n\nTo build your data set, you will:\n\n- select a subset of six states (Ohio will automatically be one of them, so you'll be selecting five others from a list we will provide) which together include at least **300** and no more than **800** counties.\n- select five different variables from the County Health Rankings data, from a list of several dozen options we provide.\n- In addition you will add four pre-specified variables (the county's FIPS code, the state postal abbreviation, the county name, and an indicator that the county is ranked/clustered by CHR) and create a factor version of one of your analytic variables.\n- Finally, you'll merge in 2019 data for your fifth variable, using a data set we've provided.\n\nYour final analytic tibble will have 300-800 rows (counties) and eleven columns (variables.)\n\n# The Project A Plan\n\nIn addition to showing us your data management work, your Project A Plan will:\n\n- identify your three research questions which will motivate your three analyses,\n- describe and justify your data management decisions, \n- provide a codebook for your data, and \n- summarize your data so we can ensure you're on the right track\n\nWe will review your Project A Plan and (perhaps after some revision) eventually accept it.\n\n# Analyses You'll Do\n\nOnce your Project A Plan is accepted, you will use your final analytic tibble to complete three Analyses. \n\n1. Visualizing and modeling the relationship between a quantitative outcome and a quantitative predictor, and using the model to make and assess some predictions.\n2. Visualizing and modeling the relationship between a quantitative outcome and a categorical predictor with two levels, and describing the inferences you can make about comparing the centers of the distributions in the two groups.\n3. Visualizing and modeling the relationship between a quantitative outcome reported in 2024 across your sample of counties, and that same outcome as it was reported in 2019, and then describing some inferences you can make regarding that comparison.\n\n# The Project A Portfolio\n\nAs mentioned, your Project A Portfolio will include:\n\n- a Final Report (which includes and slightly augments the Portfolio and your Analyses) which includes an R data set, a Quarto file, and an HTML result, along with \n- a 3-minute (.mp4) video highlighting two findings from your Project A, and\n- a Project A self-evaluation completed by filling out a Google Form.\n\n# Project A Objectives \n\nIt is hard to learn statistics (or anything else) passively; concurrent theory and application are essential^[Though by no means an original idea, this particular phrasing is stolen from Harry Roberts.].\n\n> \"Statistics has no reason for existence except as the catalyst for investigation and discovery.\" [George E. P. Box](https://en.wikipedia.org/wiki/George_E._P._Box)\n\nI am primarily interested in your learning something interesting, useful and even valuable from your project experiences in 431. In particular, an effective Project A will demonstrate:\n\n1. The ability to create and formulate research questions that are statistically and scientifically appropriate.\n2. The ability to turn research questions into measures of interest.\n3. The ability to pull and merge and clean and tidy data, then present the data set following [Jeff Leek's guide to sharing data with a statistician](https://github.com/jtleek/datasharing).\n4. The ability to build a reasonable trio of analyses, and assess their quality.\n5. The ability to identify and (with help) solve problems that crop up.\n6. The ability to comment on your work within code, and in written and oral presentation. You have to be able to *reason* about your findings, not just generate the code to solve the problem.\n7. The ability to build a Quarto-based report and to give a short presentation based on key findings from that report.\n\nProject A is about building relatively simple analyses and visualizing data from a (fairly clean) data set. Tools necessary for Project A include:\n\n- Describing the experimental or observational study design used to gather the data, as well as the complete data collection process.\n- Sharing the process of ingesting and tidying the data, with specific reference to the decisions you make to \"clean\" things up.\n- Descriptive and exploratory summaries of the data including, of course, attractive and well-constructed visualizations, which may include both graphs and tables.\n- Developing appropriate research questions that lead to the identification of smart measures for your three analyses.\n- Regression-based modeling of a quantitative outcome using a quantitative predictor, including discussion of potential transformations, and making predictions.\n- Regression-based comparisons of mean differences for a quantitative outcome across a set of two groups, including appropriate evaluation of the assumptions behind the models you build, and description of inferential results (comparisons).\n- Regression-based comparisons of mean differences when comparing an outcome reported in 2024 to that same outcome reported five years earlier, including appropriate evaluation of the assumptions behind the models you build, and description of inferential results (comparisons).\n\n> Think of a graph as a comparison. All graphs are comparisons (indeed, all statistical analyses are comparisons). If you already have the graph in mind, think of what comparisons it's enabling. Or if you haven't settled on the graph yet, think of what comparisons you'd like to make. [Andrew Gelman](http://andrewgelman.com/2014/03/25/statistical-graphics-course-statistical-graphics-advice/)\n\n<!-- # Questions? -->\n\n<!-- If you have questions, let us know about them using any of the approaches described on our [Contact Us page](https://thomaselove.github.io/431-2024/contact.html). -->"},"formats":{"html":{"identifier":{"display-name":"HTML","target-format":"html","base-format":"html"},"execute":{"fig-width":7,"fig-height":5,"fig-format":"retina","fig-dpi":96,"df-print":"default","error":false,"eval":true,"cache":null,"freeze":false,"echo":true,"output":true,"warning":true,"include":true,"keep-md":false,"keep-ipynb":false,"ipynb":null,"enabled":null,"daemon":null,"daemon-restart":false,"debug":false,"ipynb-filters":[],"ipynb-shell-interactivity":null,"plotly-connected":true,"engine":"knitr"},"render":{"keep-tex":false,"keep-typ":false,"keep-source":false,"keep-hidden":false,"prefer-html":false,"output-divs":true,"output-ext":"html","fig-align":"default","fig-pos":null,"fig-env":null,"code-fold":"none","code-overflow":"scroll","code-link":false,"code-line-numbers":false,"code-tools":false,"tbl-colwidths":"auto","merge-includes":true,"inline-includes":false,"preserve-yaml":false,"latex-auto-mk":true,"latex-auto-install":true,"latex-clean":true,"latex-min-runs":1,"latex-max-runs":10,"latex-makeindex":"makeindex","latex-makeindex-opts":[],"latex-tlmgr-opts":[],"latex-input-paths":[],"latex-output-dir":null,"link-external-icon":true,"link-external-newwindow":true,"self-contained-math":false,"format-resources":[],"notebook-links":true},"pandoc":{"standalone":true,"wrap":"none","default-image-extension":"png","to":"html","css":["styles.css"],"toc":true,"number-sections":true,"output-file":"index.html"},"language":{"toc-title-document":"Table of contents","toc-title-website":"On this page","related-formats-title":"Other Formats","related-notebooks-title":"Notebooks","source-notebooks-prefix":"Source","other-links-title":"Other Links","code-links-title":"Code Links","launch-dev-container-title":"Launch Dev Container","launch-binder-title":"Launch Binder","article-notebook-label":"Article Notebook","notebook-preview-download":"Download Notebook","notebook-preview-download-src":"Download Source","notebook-preview-back":"Back to Article","manuscript-meca-bundle":"MECA Bundle","section-title-abstract":"Abstract","section-title-appendices":"Appendices","section-title-footnotes":"Footnotes","section-title-references":"References","section-title-reuse":"Reuse","section-title-copyright":"Copyright","section-title-citation":"Citation","appendix-attribution-cite-as":"For attribution, please cite this work as:","appendix-attribution-bibtex":"BibTeX citation:","title-block-author-single":"Author","title-block-author-plural":"Authors","title-block-affiliation-single":"Affiliation","title-block-affiliation-plural":"Affiliations","title-block-published":"Published","title-block-modified":"Modified","title-block-keywords":"Keywords","callout-tip-title":"Tip","callout-note-title":"Note","callout-warning-title":"Warning","callout-important-title":"Important","callout-caution-title":"Caution","code-summary":"Code","code-tools-menu-caption":"Code","code-tools-show-all-code":"Show All Code","code-tools-hide-all-code":"Hide All Code","code-tools-view-source":"View Source","code-tools-source-code":"Source Code","tools-share":"Share","tools-download":"Download","code-line":"Line","code-lines":"Lines","copy-button-tooltip":"Copy to Clipboard","copy-button-tooltip-success":"Copied!","repo-action-links-edit":"Edit this page","repo-action-links-source":"View source","repo-action-links-issue":"Report an issue","back-to-top":"Back to top","search-no-results-text":"No results","search-matching-documents-text":"matching documents","search-copy-link-title":"Copy link to search","search-hide-matches-text":"Hide additional matches","search-more-match-text":"more match in this document","search-more-matches-text":"more matches in this document","search-clear-button-title":"Clear","search-text-placeholder":"","search-detached-cancel-button-title":"Cancel","search-submit-button-title":"Submit","search-label":"Search","toggle-section":"Toggle section","toggle-sidebar":"Toggle sidebar navigation","toggle-dark-mode":"Toggle dark mode","toggle-reader-mode":"Toggle reader mode","toggle-navigation":"Toggle navigation","crossref-fig-title":"Figure","crossref-tbl-title":"Table","crossref-lst-title":"Listing","crossref-thm-title":"Theorem","crossref-lem-title":"Lemma","crossref-cor-title":"Corollary","crossref-prp-title":"Proposition","crossref-cnj-title":"Conjecture","crossref-def-title":"Definition","crossref-exm-title":"Example","crossref-exr-title":"Exercise","crossref-ch-prefix":"Chapter","crossref-apx-prefix":"Appendix","crossref-sec-prefix":"Section","crossref-eq-prefix":"Equation","crossref-lof-title":"List of Figures","crossref-lot-title":"List of Tables","crossref-lol-title":"List of Listings","environment-proof-title":"Proof","environment-remark-title":"Remark","environment-solution-title":"Solution","listing-page-order-by":"Order By","listing-page-order-by-default":"Default","listing-page-order-by-date-asc":"Oldest","listing-page-order-by-date-desc":"Newest","listing-page-order-by-number-desc":"High to Low","listing-page-order-by-number-asc":"Low to High","listing-page-field-date":"Date","listing-page-field-title":"Title","listing-page-field-description":"Description","listing-page-field-author":"Author","listing-page-field-filename":"File Name","listing-page-field-filemodified":"Modified","listing-page-field-subtitle":"Subtitle","listing-page-field-readingtime":"Reading Time","listing-page-field-wordcount":"Word Count","listing-page-field-categories":"Categories","listing-page-minutes-compact":"{0} min","listing-page-category-all":"All","listing-page-no-matches":"No matching items","listing-page-words":"{0} words"},"metadata":{"lang":"en","fig-responsive":true,"quarto-version":"1.4.555","editor":"source","theme":"pulse","date-format":"iso","title":"431 Project A Instructions","author":"Liangliang Zhang, Ph.D.","date-modified":"last-modified"},"extensions":{"book":{"multiFile":true}}}},"projectFormats":["html"]}