{"title":"Project A Plan","markdown":{"yaml":{"title":"Project A Plan","author":"Liangliang Zhang, Ph.D.","date-modified":"last-modified"},"headingText":"The Deliverables","containsRefs":false,"markdown":"\n\n```{r setup, include=FALSE}\nknitr::opts_chunk$set(comment = NA)\n```\n\n\nYou will develop and send to us (through Canvas):\n\n1. the analytic tibble (as an .Rds data file) you developed following the [Data page](data.qmd) instructions,\n2. a Quarto (.qmd) file containing your data management work, and the other elements required in the Project A Plan, and\n3. the HTML result of rendering your Quarto file. The resulting HTML document will have 14 sections, as described below.\n\nThe deadline for the Project A Plan is found on the Course Calendar.\n\n::: {.callout-note}\n\n- Use spell check (hit F7) on your Quarto file before rendering it, and review the HTML result carefully to ensure that no residual warnings or error messages remain in the document.\n- When we run the Quarto file, it needs to produce your HTML file without errors. (Note: warnings or messages are OK at this stage, but it has to work.)\n- Do not suppress the R code at any point in the document. All R code should be echoed.\n- If you are working with a **partner**, exactly one of you should submit the materials to Canvas, and the other partner should submit a text document (Word or PDF is fine) to Canvas that reads: \"My name is [YOUR NAME]. I am working on Project A with [INSERT FULL NAME OF YOUR PARTNER], and they will submit the materials for the Plan\"\n\n:::\n\nTo complete the Project A Plan, you will need to have completed all six Data Tasks on our [Data page](data.qmd) but none of the work described on our [Analyses page](analyses.qmd).\n\n# Use the Template and Sample Plan\n\nThere is a Project A Plan template, and a sample Project A Plan, available to you on the [Examples page](examples.qmd). Please use these tools to facilitate your progress, *and* help us evaluate your work quickly.\n\n# Project A Plan: Title\n\nYou need to come up with a meaningful title (containing at most 80 characters) for your work.\n\n1. Do not use the terms \"Project\", \"Plan\" or \"Project A\" or \"431\" in your title. \n2. You can use \"CHR 2024\" as the abbreviation in your title for \"County Health Rankings, 2024.\" \n3. Your title should be no longer than 80 characters. You can use a subtitle if you like, but the title must stand on its own.\n4. It's fine if your title focuses on just one of your three analyses, rather than all three.\n\n# Plan Author(s)\n\nYour full name, and if you worked with a partner, both full names, are found in the author section of the Quarto (in the YAML) and appear legibly at the start of the HTML document.\n\n# Sections of the Project A Plan\n\nThe Project A Plan includes sections, as described below.\n\n## Section 1. R Packages\n\nAll necessary packages (and no unused packages) should be loaded at the start of the work, and all warnings or messages associated with that loading are suppressed in the HTML result.\n\n::: {.callout-note}\n\nIt seems impossible to do this work without the `janitor`, `naniar`, `xfun`, `easystats` and `tidyverse` packages. Remember to load `easystats` and the `tidyverse` last. \n\n<!-- The use of other packages is up to you, and you may want to source in the `Love-431.R` script, too. -->\n\n:::\n\n## Section 2. Data Ingest\n\nThis section should display the results of following the instructions in Data Task 1 from the [Data page](data.qmd). In this section, you should ingest the raw data into `chr_2024_raw`, selecting the main variables under consideration and then filter to the ranked counties, producing a tibble with 3088 rows and 90 columns. Do not list the tibble, but use R code to demonstrate that your work meets this requirement.\n\n::: {.callout-note}\n\nWe will want to check that the project ingests the data properly. This means that you have eliminated the correct row (in any way that works) as you import the data, and that you have used `read_csv()` to read in the data, thus creating a tibble.\n\n:::\n\n## Section 3. State Selection\n\nThis section follows the instructions for [Data Task 2](data.qmd). Here, you will identify your six states by postal abbreviation code and name, and write a sentence or two describing your motivation for these selections. You will also demonstrate that your selection yields a new tibble with 300-800 counties, all of which are ranked, and that you have converted the `state` variable of postal abbreviation codes to a factor.\n\n::: {.callout-note}\n\n- Which states were chosen needs to be clear, and we'll want to read a sentence about why you chose the states you did.\n- This must lead to 300-800 counties, and this number (total number of counties) must be clear from the document (both the number of rows in the final tibble and in writing.)\n- Do not drop any counties from any of the states you selected in the development of your tibble.\n\n:::\n\n## Section 4. Variable Selection \n\nThis section follows the instructions for [Data Task 3](data.qmd). Here, you will provide code to identify and select a total of nine variables, including the four required and your five selected variables. \n\n## Section 5. Variable Cleaning and Renaming\n\nFor each of your selected variables, you will use the instructions in [Data Task 3](data.qmd) to complete appropriate cleaning of the variable, and replace the initial version with your cleaned alternative, renaming each selected variable as you go.\n\n## Section 6. Creating the Analysis 2 Predictor\n\nUse the instructions in [Data Task 4](data.qmd) to develop the binary factor that you will use as your Analysis 2 predictor. Be sure to describe the exact cutpoints used in creating the low and high groups, and demonstrate that the resulting factor has approximately 40% of your original observations in the low group, 40% in the high group, and missing data for the middle 20%.\n\n## Section 7. Adding Data from CHR 2019 for the Analysis 3 Outcome\n\nUse the instructions in [Data Task 5](data.qmd) to include the CHR 2019 version of your Analysis 3 outcome as a variable in your tibble. This should give you a total of 11 variables.\n\n## Section 8. Arranging and Saving The Analytic Tibble\n\nAfter renaming your variables, arrange the 11 variables in your **chr_2024** tibble into the order specified in [Data Task 6](data.qmd).\n\nThen save the tibble as an R data set. Don't make any changes to the tibble after this point.\n\n## Section 9. Print the Tibble\n\nYou will show that your **chr_2024** tibble is in fact a tibble and not just a data frame by listing it, so that we can see that only the first 10 rows are printed, and the columns are appropriately labeled. The command you want is just:\n\n```{r}\n#| eval: false\n\nchr_2024\n```\n\n## Section 10. Numerical Summaries\n\nYou will do four things here.\n\n### Section 10.1 Table of States by Binary Factor\n\nFirst, use the `tabyl()` function from the `janitor` package to produce a two-way table of `state` (in the rows) classified against the factor variable (with levels Low and High, plus some missing values, in the columns) that you created in Data Task 4 from the [Data page](data.qmd).\n\n- Be sure to include both row and column marginal totals in your `tabyl()` result here. \n- We should see some missing values in the columns.\n\n### Section 10.2 `describe_distribution()` results\n\nNext, display the results of `describe_distribution()` from the `datawizard` package (from the `easystats` meta-package), run on the entire tibble. \n\n- For all variables except the two factors, this will allow us to see (among other things) that the minimum and maximum values that make sense, and also that each of your variables shows the appropriate number of counties.\n\n### Section 10.3 `data_codebook()` results\n\nNext, run the `data_codebook()` function from the `datawizard` package from `easystats` on your tibble, with two specific settings (max_values = 6 and range_at = 15), as shown below.\n\n```{r}\n#| eval: false\n\ndata_codebook(chr_2024, max_values = 6, range_at = 15)\n```\n\nLook over these results to be sure that:\n\n- all of your planned outcome and quantitative predictor variables show a minimum and maximum value, \n- you have no more than 20% missing values in either of your Analysis 1 variables, your Analysis 2 outcome and also your Analysis 3 outcome (in each year)\n- and that your data are missing only where they are supposed to be missing. \n    - Specifically, you have no missing data at all in your identifying variables (`fipscode`, `state`, `county`) nor in your `county_clustered` variable.\n    - Your binary factor should definitely have about 20% missing values, of course, since that's how you created it.\n\nInclude a sentence verifying that all of these checks are true.\n\n### Section 10.4 Distinct Values\n\nFourth and finally, provide counts of distinct values for each of your variables. The following code should be helpful:\n\n```{r}\n#| eval: false\n\nchr_2024 |> \n  summarise(across(everything(), ~ n_distinct(.)))\n```\n\nBe sure to check this output to see that:\n\n- you have a distinct `fipscode` for every row in your tibble\n- you have a distinct `fipscode` for every row in your tibble, and\n- you have at least 15 unique values for each outcome and for the quantitative predictors in your analyses.\n\nInclude a sentence verifying that all of these checks are true.\n\n## Section 11. The Codebook\n\nThere are two steps to complete the codebook section.\n\nFirst, write a sentence stating the number of counties (should be 300-800) and variables (should be eleven) in your tibble. Then use the `dim()` function to show us that your sentence is correct.\n\nSecond, create a variable description table which contains, for each of the 11 variables in your data set:\n\n- the variable's name in your tibble,\n- its role in your planned analyses, where:\n    - A1-out = Analysis 1 outcome\n    - A1-pre = Analysis 1 predictor\n    - and so on, leaving the variables not used in Analyses 1-3 with blank roles,\n- the original `vXXX` code (leave off the `_rawvalue`, so it might be `v009`, for example) for this variable in the CHR 2024 data,\n- the definition of the variable (from CHR) including its units,\n    - for your binary variable, a clear indication of the cutpoints you used should be provided (what does Low mean and what does High mean?)\n- the year(s) in which the variable was measured (from CHR)\n\n:::{.callout-tip}\n\nUse the [County Health Rankings website's 2024 Measures list](https://www.countyhealthrankings.org/health-data/county-health-rankings-measures), and in particular the linked information on that page for full descriptions, definitions, years and limitations of the variables you have selected. \n\n- With regard to the data for Analysis 3 that you obtained from CHR 2019, I provided the relevant information at the end of the instructions for [Data Task 5](data.qmd#sources-and-years-for-2019-chr-variables). \n\n:::\n\nHere is a sample variable description table with just some of the variables - yours will have to include all 11, of course...\n\nVariable | Role | Old Name | Description | Year(s)\n:--------: | :----: | :--------: | :-----------: | :------:\n**fipscode** | ID | `fipscode` | FIPS code | --\n**state** | ID | `state` | State Abbreviation (list your states here) | --\n**county** | ID | `county` | County Name | --\n**poor_fair_health** | A1-out | `v002` | Percentage of adults reporting fair or poor health (age-adjusted). | 2021\n**adult_obesity** | A1-pre | `v011` | Percentage of the adult population (age 18 and older) that reports a body mass index (BMI) greater than or equal to 30 kg/m2 (age-adjusted). | 2021\n**adult_smoking** | A2-out | `v009` | Percentage of adults who are current smokers (age-adjusted). | 2021\n**income_ineq_cat** | A2-pre | from `v044` | Low: $\\leq$ 4.25, High: $\\geq$ 4.60. | 2018-22\n**income_inequality** | -- | `v044` | Ratio of household income at the 80th percentile to income at the 20th percentile. | 2018-22\n\nand so on.\n\n\n## Section 12. Your Research Questions\n\nIn this section, you will provide three research questions, one each for Analysis 1, Analysis 2, and Analysis 3. It would help to provide one subsections for each Analysis within this section, so that Section 12.1 is Analysis 1, Section 12.2 is Analysis 2, and Section 12.3 is Analysis 3.\n\nFor each analysis ...\n\n1. Start by describing what you want to study, and then specify a research question (which should end with a question mark and be something you can resolve with the planned analysis.)\n2. Don’t boil the ocean here. You’re looking for a research question that can be reasonably addressed using your data, so it has to be pretty straightforward.\n3. If you have a pre-existing belief about what will happen, before you look at the data, please feel encouraged to include a statement about that belief before specifying your question.\n\n### Your Research Question for Analysis 1\n\nHere you will propose your Research Question for Analysis 1 and provide some motivation for your variable choices associated with that analysis. A trio of well-developed research questions in this section is the **most important part** of this portfolio.\n\n- A research question will **end with a question mark**, and will be something you will be able to answer (or at least respond to effectively) after your Analysis 1 is complete.\n- Use one research question for Analysis 1, another for Analysis 2, and a third for Analysis 3.\n\nAfter listing your question, you should **provide some brief speculation** as to the nature of the relationship you anticipate finding based on your hypotheses about the variables you plan to study (following my tips below.)\n\n#### Tips for the research question in Analysis 1\n\n- Examples of dull but moderately effective and minimally appropriate research questions for Analysis 1 would be:\n\n**How well does a linear model using [predictor] predict [outcome], in [number] counties in the states of [list of your states]?**\n\nor\n\n**What is the nature of the association between [predictor] and [outcome], in [number] counties in the states of [list of your states]?**\n\n- You should be able to do better than that, especially if you have a reason to believe something in advance about the direction or strength of the association you are anticipating. \n- However, if you're struggling, using that format will be OK. \n- A research question uses formal but clear language. \n- Given your planned analyses, stay away from statements about cause and effect, and don't use the words correlate or regression (in any form) in your research question.\n\n### Research Question for Analysis 2\n\nHere you will propose your Research Question for Analysis 2 and provide some motivation for your variable choices associated with that analysis. All of the tips for Analysis 1 apply in this case, too. \n\n- Please remember that a research question for this course should end in a question mark.\n- Again, after listing your question, it is completely appropriate for you to provide some brief speculation as to the nature of the relationship you anticipate finding based on your hypotheses about the variables you plan to study.\n- An example of a dull but moderately effective and minimally appropriate research question for Analysis 2 might be:\n\n**Are there meaningful differences in the mean of [outcome] for counties with high and low levels of [predictor]?**\n\nAgain, you should be able to do a bit better than that.\n\n### Research Question for Analysis 3\n\nHere you will propose your Research Question for Analysis 3, and provide some motivation for your variable choices associated with that analysis. All of the tips for Analysis 1 apply in this case, too. \n\n- Please remember that a research question for this course should end in a question mark.\n- Again, after listing your question, it is completely appropriate for you to provide some brief speculation as to the nature of the relationship you anticipate finding based on your hypotheses about the variables you plan to study.\n- An example of a dull but moderately effective and minimally appropriate research question for Analysis 3 might be:\n\n**Are there meaningful differences in the mean of [outcome] for counties in 2024 as compared to 2019?**\n\nAgain, you should be able to do a bit better than that.\n\n## Section 13. Reflection\n\nHere you will provide a paragraph describing the most challenging (or difficult) part of completing the work so far, and how you were able to overcome whatever it was that was most challenging.\n\nYour discussion of the biggest challenge includes a paragraph (or more) written in English, with attention paid to grammar, syntax and spelling.  It needs to be clear to us from reading your reflection what your biggest issue was, and how you tried to address it.\n\nPlease be specific - a time management issue, for example, could be attributed to a lot of different things. Take the time to describe what happened and how you got past it in some detail.\n\n## Section 14. Session Information\n\nAs we have required in our Labs, there must be a Session Information section at the end of the document. This should indicate that a current version of R and R packages is used.\n\nWe'd like you to use the `xfun` package's version of `session_info()`, as we've done in the labs.\n\n# Submission Instructions\n\n- Be sure to use spell check (just hit F7) on your Quarto file before rendering it, and review the HTML result carefully to ensure that no residual warnings or error messages remain in the document.\n- Be sure that your Plan includes your name (names if you are working with a partner) as the author in Quarto, and thus in HTML, as well as a proper title. \n\nYour Plan (including your R data set, Quarto and HTML files) should then be submitted to Canvas by the deadline listed in the Course Calendar. \n\n# Grading The Project A Plan\n\nDr. Zhang and the TAs will review your Project A Plan and either ACCEPT it or ask for a REDO.\n\n- ACCEPT means you're done, and should move on the rest of Project A, perhaps while making some small changes that we request of you in your submission on Canvas.\n    - To receive an ACCEPT, you must meet the specifications above, and also you must have no more than two spelling, typographical or grammatical errors in the document as a whole that we catch.\n- REDO means you'll need to fix the problems we've identified (plus make sure you've done all of the things on this checklist) and resubmit by the deadline we give you, which will require a rapid turnaround.\n    - If your Plan is accepted on the initial submission and was on time, you'll receive 20 points.\n    - If your Plan is accepted on the first REDO (submission 2), you'll receive 18 points out of a possible 20.\n    - If your Plan is accepted on the second or third REDO (submissions 3 or 4) or later, you'll receive 16 points out of a possible 20.\n    - We hope we won't have to go further than 2 revisions for anyone.\n\nIf you don't have some feature that we \"prefer\" but doesn't alone require a REDO, we may mention this in our ACCEPT feedback and ask you to fix it in your Project A Portfolio.\n\n","srcMarkdownNoYaml":"\n\n```{r setup, include=FALSE}\nknitr::opts_chunk$set(comment = NA)\n```\n\n# The Deliverables\n\nYou will develop and send to us (through Canvas):\n\n1. the analytic tibble (as an .Rds data file) you developed following the [Data page](data.qmd) instructions,\n2. a Quarto (.qmd) file containing your data management work, and the other elements required in the Project A Plan, and\n3. the HTML result of rendering your Quarto file. The resulting HTML document will have 14 sections, as described below.\n\nThe deadline for the Project A Plan is found on the Course Calendar.\n\n::: {.callout-note}\n\n- Use spell check (hit F7) on your Quarto file before rendering it, and review the HTML result carefully to ensure that no residual warnings or error messages remain in the document.\n- When we run the Quarto file, it needs to produce your HTML file without errors. (Note: warnings or messages are OK at this stage, but it has to work.)\n- Do not suppress the R code at any point in the document. All R code should be echoed.\n- If you are working with a **partner**, exactly one of you should submit the materials to Canvas, and the other partner should submit a text document (Word or PDF is fine) to Canvas that reads: \"My name is [YOUR NAME]. I am working on Project A with [INSERT FULL NAME OF YOUR PARTNER], and they will submit the materials for the Plan\"\n\n:::\n\nTo complete the Project A Plan, you will need to have completed all six Data Tasks on our [Data page](data.qmd) but none of the work described on our [Analyses page](analyses.qmd).\n\n# Use the Template and Sample Plan\n\nThere is a Project A Plan template, and a sample Project A Plan, available to you on the [Examples page](examples.qmd). Please use these tools to facilitate your progress, *and* help us evaluate your work quickly.\n\n# Project A Plan: Title\n\nYou need to come up with a meaningful title (containing at most 80 characters) for your work.\n\n1. Do not use the terms \"Project\", \"Plan\" or \"Project A\" or \"431\" in your title. \n2. You can use \"CHR 2024\" as the abbreviation in your title for \"County Health Rankings, 2024.\" \n3. Your title should be no longer than 80 characters. You can use a subtitle if you like, but the title must stand on its own.\n4. It's fine if your title focuses on just one of your three analyses, rather than all three.\n\n# Plan Author(s)\n\nYour full name, and if you worked with a partner, both full names, are found in the author section of the Quarto (in the YAML) and appear legibly at the start of the HTML document.\n\n# Sections of the Project A Plan\n\nThe Project A Plan includes sections, as described below.\n\n## Section 1. R Packages\n\nAll necessary packages (and no unused packages) should be loaded at the start of the work, and all warnings or messages associated with that loading are suppressed in the HTML result.\n\n::: {.callout-note}\n\nIt seems impossible to do this work without the `janitor`, `naniar`, `xfun`, `easystats` and `tidyverse` packages. Remember to load `easystats` and the `tidyverse` last. \n\n<!-- The use of other packages is up to you, and you may want to source in the `Love-431.R` script, too. -->\n\n:::\n\n## Section 2. Data Ingest\n\nThis section should display the results of following the instructions in Data Task 1 from the [Data page](data.qmd). In this section, you should ingest the raw data into `chr_2024_raw`, selecting the main variables under consideration and then filter to the ranked counties, producing a tibble with 3088 rows and 90 columns. Do not list the tibble, but use R code to demonstrate that your work meets this requirement.\n\n::: {.callout-note}\n\nWe will want to check that the project ingests the data properly. This means that you have eliminated the correct row (in any way that works) as you import the data, and that you have used `read_csv()` to read in the data, thus creating a tibble.\n\n:::\n\n## Section 3. State Selection\n\nThis section follows the instructions for [Data Task 2](data.qmd). Here, you will identify your six states by postal abbreviation code and name, and write a sentence or two describing your motivation for these selections. You will also demonstrate that your selection yields a new tibble with 300-800 counties, all of which are ranked, and that you have converted the `state` variable of postal abbreviation codes to a factor.\n\n::: {.callout-note}\n\n- Which states were chosen needs to be clear, and we'll want to read a sentence about why you chose the states you did.\n- This must lead to 300-800 counties, and this number (total number of counties) must be clear from the document (both the number of rows in the final tibble and in writing.)\n- Do not drop any counties from any of the states you selected in the development of your tibble.\n\n:::\n\n## Section 4. Variable Selection \n\nThis section follows the instructions for [Data Task 3](data.qmd). Here, you will provide code to identify and select a total of nine variables, including the four required and your five selected variables. \n\n## Section 5. Variable Cleaning and Renaming\n\nFor each of your selected variables, you will use the instructions in [Data Task 3](data.qmd) to complete appropriate cleaning of the variable, and replace the initial version with your cleaned alternative, renaming each selected variable as you go.\n\n## Section 6. Creating the Analysis 2 Predictor\n\nUse the instructions in [Data Task 4](data.qmd) to develop the binary factor that you will use as your Analysis 2 predictor. Be sure to describe the exact cutpoints used in creating the low and high groups, and demonstrate that the resulting factor has approximately 40% of your original observations in the low group, 40% in the high group, and missing data for the middle 20%.\n\n## Section 7. Adding Data from CHR 2019 for the Analysis 3 Outcome\n\nUse the instructions in [Data Task 5](data.qmd) to include the CHR 2019 version of your Analysis 3 outcome as a variable in your tibble. This should give you a total of 11 variables.\n\n## Section 8. Arranging and Saving The Analytic Tibble\n\nAfter renaming your variables, arrange the 11 variables in your **chr_2024** tibble into the order specified in [Data Task 6](data.qmd).\n\nThen save the tibble as an R data set. Don't make any changes to the tibble after this point.\n\n## Section 9. Print the Tibble\n\nYou will show that your **chr_2024** tibble is in fact a tibble and not just a data frame by listing it, so that we can see that only the first 10 rows are printed, and the columns are appropriately labeled. The command you want is just:\n\n```{r}\n#| eval: false\n\nchr_2024\n```\n\n## Section 10. Numerical Summaries\n\nYou will do four things here.\n\n### Section 10.1 Table of States by Binary Factor\n\nFirst, use the `tabyl()` function from the `janitor` package to produce a two-way table of `state` (in the rows) classified against the factor variable (with levels Low and High, plus some missing values, in the columns) that you created in Data Task 4 from the [Data page](data.qmd).\n\n- Be sure to include both row and column marginal totals in your `tabyl()` result here. \n- We should see some missing values in the columns.\n\n### Section 10.2 `describe_distribution()` results\n\nNext, display the results of `describe_distribution()` from the `datawizard` package (from the `easystats` meta-package), run on the entire tibble. \n\n- For all variables except the two factors, this will allow us to see (among other things) that the minimum and maximum values that make sense, and also that each of your variables shows the appropriate number of counties.\n\n### Section 10.3 `data_codebook()` results\n\nNext, run the `data_codebook()` function from the `datawizard` package from `easystats` on your tibble, with two specific settings (max_values = 6 and range_at = 15), as shown below.\n\n```{r}\n#| eval: false\n\ndata_codebook(chr_2024, max_values = 6, range_at = 15)\n```\n\nLook over these results to be sure that:\n\n- all of your planned outcome and quantitative predictor variables show a minimum and maximum value, \n- you have no more than 20% missing values in either of your Analysis 1 variables, your Analysis 2 outcome and also your Analysis 3 outcome (in each year)\n- and that your data are missing only where they are supposed to be missing. \n    - Specifically, you have no missing data at all in your identifying variables (`fipscode`, `state`, `county`) nor in your `county_clustered` variable.\n    - Your binary factor should definitely have about 20% missing values, of course, since that's how you created it.\n\nInclude a sentence verifying that all of these checks are true.\n\n### Section 10.4 Distinct Values\n\nFourth and finally, provide counts of distinct values for each of your variables. The following code should be helpful:\n\n```{r}\n#| eval: false\n\nchr_2024 |> \n  summarise(across(everything(), ~ n_distinct(.)))\n```\n\nBe sure to check this output to see that:\n\n- you have a distinct `fipscode` for every row in your tibble\n- you have a distinct `fipscode` for every row in your tibble, and\n- you have at least 15 unique values for each outcome and for the quantitative predictors in your analyses.\n\nInclude a sentence verifying that all of these checks are true.\n\n## Section 11. The Codebook\n\nThere are two steps to complete the codebook section.\n\nFirst, write a sentence stating the number of counties (should be 300-800) and variables (should be eleven) in your tibble. Then use the `dim()` function to show us that your sentence is correct.\n\nSecond, create a variable description table which contains, for each of the 11 variables in your data set:\n\n- the variable's name in your tibble,\n- its role in your planned analyses, where:\n    - A1-out = Analysis 1 outcome\n    - A1-pre = Analysis 1 predictor\n    - and so on, leaving the variables not used in Analyses 1-3 with blank roles,\n- the original `vXXX` code (leave off the `_rawvalue`, so it might be `v009`, for example) for this variable in the CHR 2024 data,\n- the definition of the variable (from CHR) including its units,\n    - for your binary variable, a clear indication of the cutpoints you used should be provided (what does Low mean and what does High mean?)\n- the year(s) in which the variable was measured (from CHR)\n\n:::{.callout-tip}\n\nUse the [County Health Rankings website's 2024 Measures list](https://www.countyhealthrankings.org/health-data/county-health-rankings-measures), and in particular the linked information on that page for full descriptions, definitions, years and limitations of the variables you have selected. \n\n- With regard to the data for Analysis 3 that you obtained from CHR 2019, I provided the relevant information at the end of the instructions for [Data Task 5](data.qmd#sources-and-years-for-2019-chr-variables). \n\n:::\n\nHere is a sample variable description table with just some of the variables - yours will have to include all 11, of course...\n\nVariable | Role | Old Name | Description | Year(s)\n:--------: | :----: | :--------: | :-----------: | :------:\n**fipscode** | ID | `fipscode` | FIPS code | --\n**state** | ID | `state` | State Abbreviation (list your states here) | --\n**county** | ID | `county` | County Name | --\n**poor_fair_health** | A1-out | `v002` | Percentage of adults reporting fair or poor health (age-adjusted). | 2021\n**adult_obesity** | A1-pre | `v011` | Percentage of the adult population (age 18 and older) that reports a body mass index (BMI) greater than or equal to 30 kg/m2 (age-adjusted). | 2021\n**adult_smoking** | A2-out | `v009` | Percentage of adults who are current smokers (age-adjusted). | 2021\n**income_ineq_cat** | A2-pre | from `v044` | Low: $\\leq$ 4.25, High: $\\geq$ 4.60. | 2018-22\n**income_inequality** | -- | `v044` | Ratio of household income at the 80th percentile to income at the 20th percentile. | 2018-22\n\nand so on.\n\n\n## Section 12. Your Research Questions\n\nIn this section, you will provide three research questions, one each for Analysis 1, Analysis 2, and Analysis 3. It would help to provide one subsections for each Analysis within this section, so that Section 12.1 is Analysis 1, Section 12.2 is Analysis 2, and Section 12.3 is Analysis 3.\n\nFor each analysis ...\n\n1. Start by describing what you want to study, and then specify a research question (which should end with a question mark and be something you can resolve with the planned analysis.)\n2. Don’t boil the ocean here. You’re looking for a research question that can be reasonably addressed using your data, so it has to be pretty straightforward.\n3. If you have a pre-existing belief about what will happen, before you look at the data, please feel encouraged to include a statement about that belief before specifying your question.\n\n### Your Research Question for Analysis 1\n\nHere you will propose your Research Question for Analysis 1 and provide some motivation for your variable choices associated with that analysis. A trio of well-developed research questions in this section is the **most important part** of this portfolio.\n\n- A research question will **end with a question mark**, and will be something you will be able to answer (or at least respond to effectively) after your Analysis 1 is complete.\n- Use one research question for Analysis 1, another for Analysis 2, and a third for Analysis 3.\n\nAfter listing your question, you should **provide some brief speculation** as to the nature of the relationship you anticipate finding based on your hypotheses about the variables you plan to study (following my tips below.)\n\n#### Tips for the research question in Analysis 1\n\n- Examples of dull but moderately effective and minimally appropriate research questions for Analysis 1 would be:\n\n**How well does a linear model using [predictor] predict [outcome], in [number] counties in the states of [list of your states]?**\n\nor\n\n**What is the nature of the association between [predictor] and [outcome], in [number] counties in the states of [list of your states]?**\n\n- You should be able to do better than that, especially if you have a reason to believe something in advance about the direction or strength of the association you are anticipating. \n- However, if you're struggling, using that format will be OK. \n- A research question uses formal but clear language. \n- Given your planned analyses, stay away from statements about cause and effect, and don't use the words correlate or regression (in any form) in your research question.\n\n### Research Question for Analysis 2\n\nHere you will propose your Research Question for Analysis 2 and provide some motivation for your variable choices associated with that analysis. All of the tips for Analysis 1 apply in this case, too. \n\n- Please remember that a research question for this course should end in a question mark.\n- Again, after listing your question, it is completely appropriate for you to provide some brief speculation as to the nature of the relationship you anticipate finding based on your hypotheses about the variables you plan to study.\n- An example of a dull but moderately effective and minimally appropriate research question for Analysis 2 might be:\n\n**Are there meaningful differences in the mean of [outcome] for counties with high and low levels of [predictor]?**\n\nAgain, you should be able to do a bit better than that.\n\n### Research Question for Analysis 3\n\nHere you will propose your Research Question for Analysis 3, and provide some motivation for your variable choices associated with that analysis. All of the tips for Analysis 1 apply in this case, too. \n\n- Please remember that a research question for this course should end in a question mark.\n- Again, after listing your question, it is completely appropriate for you to provide some brief speculation as to the nature of the relationship you anticipate finding based on your hypotheses about the variables you plan to study.\n- An example of a dull but moderately effective and minimally appropriate research question for Analysis 3 might be:\n\n**Are there meaningful differences in the mean of [outcome] for counties in 2024 as compared to 2019?**\n\nAgain, you should be able to do a bit better than that.\n\n## Section 13. Reflection\n\nHere you will provide a paragraph describing the most challenging (or difficult) part of completing the work so far, and how you were able to overcome whatever it was that was most challenging.\n\nYour discussion of the biggest challenge includes a paragraph (or more) written in English, with attention paid to grammar, syntax and spelling.  It needs to be clear to us from reading your reflection what your biggest issue was, and how you tried to address it.\n\nPlease be specific - a time management issue, for example, could be attributed to a lot of different things. Take the time to describe what happened and how you got past it in some detail.\n\n## Section 14. Session Information\n\nAs we have required in our Labs, there must be a Session Information section at the end of the document. This should indicate that a current version of R and R packages is used.\n\nWe'd like you to use the `xfun` package's version of `session_info()`, as we've done in the labs.\n\n# Submission Instructions\n\n- Be sure to use spell check (just hit F7) on your Quarto file before rendering it, and review the HTML result carefully to ensure that no residual warnings or error messages remain in the document.\n- Be sure that your Plan includes your name (names if you are working with a partner) as the author in Quarto, and thus in HTML, as well as a proper title. \n\nYour Plan (including your R data set, Quarto and HTML files) should then be submitted to Canvas by the deadline listed in the Course Calendar. \n\n# Grading The Project A Plan\n\nDr. Zhang and the TAs will review your Project A Plan and either ACCEPT it or ask for a REDO.\n\n- ACCEPT means you're done, and should move on the rest of Project A, perhaps while making some small changes that we request of you in your submission on Canvas.\n    - To receive an ACCEPT, you must meet the specifications above, and also you must have no more than two spelling, typographical or grammatical errors in the document as a whole that we catch.\n- REDO means you'll need to fix the problems we've identified (plus make sure you've done all of the things on this checklist) and resubmit by the deadline we give you, which will require a rapid turnaround.\n    - If your Plan is accepted on the initial submission and was on time, you'll receive 20 points.\n    - If your Plan is accepted on the first REDO (submission 2), you'll receive 18 points out of a possible 20.\n    - If your Plan is accepted on the second or third REDO (submissions 3 or 4) or later, you'll receive 16 points out of a possible 20.\n    - We hope we won't have to go further than 2 revisions for anyone.\n\nIf you don't have some feature that we \"prefer\" but doesn't alone require a REDO, we may mention this in our ACCEPT feedback and ask you to fix it in your Project A Portfolio.\n\n"},"formats":{"html":{"identifier":{"display-name":"HTML","target-format":"html","base-format":"html"},"execute":{"fig-width":7,"fig-height":5,"fig-format":"retina","fig-dpi":96,"df-print":"default","error":false,"eval":true,"cache":null,"freeze":false,"echo":true,"output":true,"warning":true,"include":true,"keep-md":false,"keep-ipynb":false,"ipynb":null,"enabled":null,"daemon":null,"daemon-restart":false,"debug":false,"ipynb-filters":[],"ipynb-shell-interactivity":null,"plotly-connected":true,"engine":"knitr"},"render":{"keep-tex":false,"keep-typ":false,"keep-source":false,"keep-hidden":false,"prefer-html":false,"output-divs":true,"output-ext":"html","fig-align":"default","fig-pos":null,"fig-env":null,"code-fold":"none","code-overflow":"scroll","code-link":false,"code-line-numbers":false,"code-tools":false,"tbl-colwidths":"auto","merge-includes":true,"inline-includes":false,"preserve-yaml":false,"latex-auto-mk":true,"latex-auto-install":true,"latex-clean":true,"latex-min-runs":1,"latex-max-runs":10,"latex-makeindex":"makeindex","latex-makeindex-opts":[],"latex-tlmgr-opts":[],"latex-input-paths":[],"latex-output-dir":null,"link-external-icon":true,"link-external-newwindow":true,"self-contained-math":false,"format-resources":[],"notebook-links":true},"pandoc":{"standalone":true,"wrap":"none","default-image-extension":"png","to":"html","css":["styles.css"],"toc":true,"number-sections":true,"output-file":"plan.html"},"language":{"toc-title-document":"Table of contents","toc-title-website":"On this page","related-formats-title":"Other Formats","related-notebooks-title":"Notebooks","source-notebooks-prefix":"Source","other-links-title":"Other Links","code-links-title":"Code Links","launch-dev-container-title":"Launch Dev Container","launch-binder-title":"Launch Binder","article-notebook-label":"Article Notebook","notebook-preview-download":"Download Notebook","notebook-preview-download-src":"Download Source","notebook-preview-back":"Back to Article","manuscript-meca-bundle":"MECA Bundle","section-title-abstract":"Abstract","section-title-appendices":"Appendices","section-title-footnotes":"Footnotes","section-title-references":"References","section-title-reuse":"Reuse","section-title-copyright":"Copyright","section-title-citation":"Citation","appendix-attribution-cite-as":"For attribution, please cite this work as:","appendix-attribution-bibtex":"BibTeX citation:","title-block-author-single":"Author","title-block-author-plural":"Authors","title-block-affiliation-single":"Affiliation","title-block-affiliation-plural":"Affiliations","title-block-published":"Published","title-block-modified":"Modified","title-block-keywords":"Keywords","callout-tip-title":"Tip","callout-note-title":"Note","callout-warning-title":"Warning","callout-important-title":"Important","callout-caution-title":"Caution","code-summary":"Code","code-tools-menu-caption":"Code","code-tools-show-all-code":"Show All Code","code-tools-hide-all-code":"Hide All Code","code-tools-view-source":"View Source","code-tools-source-code":"Source Code","tools-share":"Share","tools-download":"Download","code-line":"Line","code-lines":"Lines","copy-button-tooltip":"Copy to Clipboard","copy-button-tooltip-success":"Copied!","repo-action-links-edit":"Edit this page","repo-action-links-source":"View source","repo-action-links-issue":"Report an issue","back-to-top":"Back to top","search-no-results-text":"No results","search-matching-documents-text":"matching documents","search-copy-link-title":"Copy link to search","search-hide-matches-text":"Hide additional matches","search-more-match-text":"more match in this document","search-more-matches-text":"more matches in this document","search-clear-button-title":"Clear","search-text-placeholder":"","search-detached-cancel-button-title":"Cancel","search-submit-button-title":"Submit","search-label":"Search","toggle-section":"Toggle section","toggle-sidebar":"Toggle sidebar navigation","toggle-dark-mode":"Toggle dark mode","toggle-reader-mode":"Toggle reader mode","toggle-navigation":"Toggle navigation","crossref-fig-title":"Figure","crossref-tbl-title":"Table","crossref-lst-title":"Listing","crossref-thm-title":"Theorem","crossref-lem-title":"Lemma","crossref-cor-title":"Corollary","crossref-prp-title":"Proposition","crossref-cnj-title":"Conjecture","crossref-def-title":"Definition","crossref-exm-title":"Example","crossref-exr-title":"Exercise","crossref-ch-prefix":"Chapter","crossref-apx-prefix":"Appendix","crossref-sec-prefix":"Section","crossref-eq-prefix":"Equation","crossref-lof-title":"List of Figures","crossref-lot-title":"List of Tables","crossref-lol-title":"List of Listings","environment-proof-title":"Proof","environment-remark-title":"Remark","environment-solution-title":"Solution","listing-page-order-by":"Order By","listing-page-order-by-default":"Default","listing-page-order-by-date-asc":"Oldest","listing-page-order-by-date-desc":"Newest","listing-page-order-by-number-desc":"High to Low","listing-page-order-by-number-asc":"Low to High","listing-page-field-date":"Date","listing-page-field-title":"Title","listing-page-field-description":"Description","listing-page-field-author":"Author","listing-page-field-filename":"File Name","listing-page-field-filemodified":"Modified","listing-page-field-subtitle":"Subtitle","listing-page-field-readingtime":"Reading Time","listing-page-field-wordcount":"Word Count","listing-page-field-categories":"Categories","listing-page-minutes-compact":"{0} min","listing-page-category-all":"All","listing-page-no-matches":"No matching items","listing-page-words":"{0} words"},"metadata":{"lang":"en","fig-responsive":true,"quarto-version":"1.4.555","editor":"source","theme":"pulse","date-format":"iso","title":"Project A Plan","author":"Liangliang Zhang, Ph.D.","date-modified":"last-modified"},"extensions":{"book":{"multiFile":true}}}},"projectFormats":["html"]}