{"title":"Project A Portfolio","markdown":{"yaml":{"title":"Project A Portfolio","author":"Liangliang Zhang, Ph.D.","date-modified":"last-modified"},"headingText":"The Deliverables","containsRefs":false,"markdown":"\n\n```{r setup, include=FALSE}\nknitr::opts_chunk$set(comment = NA)\n```\n\n\nYour Final Submission involves three parts, a portfolio report, a \"highlight\" video, and a self-evaluation.\n\n## The Report\n\nYou will submit a polished report in both Quarto and HTML, incorporating a total of 17 sections, as described below. You will also submit your main data file (`chr_2024_YOURNAME.Rds`) which should have 11 variables in it. \n\n## The Highlight Video\n\nYou will produce a video in mp4 format of no more than 3 minutes in length regardless of whether you are working alone or in a team.\n\nProducing a video often takes a full day of work after the portfolio report is finished. Do not leave yourself without the opportunity to do good work on this.\n\nIn this video, you will describe what you believe to be one of the most important findings for your Analysis 1, **and** for *either* your Analysis 2 or your Analysis 3. \n\n- If you are working alone on the project, begin your presentation by introducing yourself and describing your sample (which states you used and specifying the research questions you'll be addressing in your discussion.)\n- If you are working in a pair, each of you will present one of the two analyses, either in two separate videos (which combined are no more than 3 minutes long) or in one video. In either case, introduce yourself at the start of your portion of the video, and specify the states you used (even though you and your partner will be using the same states) and the research question you'll be addressing.\n- Do not discuss all three analyses in the video - just show Analysis 1 and one of the other two.\n- Since you have only 3 minutes to present a highlight from each of two analyses, you need to focus. Do not give a \"play by play\" of everything you did in the report. Focus on one key visualization to amplify your conclusions for each analysis. Keeping the video under 3 minutes while giving us a clear understanding of what you found is the hard part.\n- All videos should include a clear statement of the research questions for any analyses presented, and justify the responses to those questions with results from the analyses.\n- The video must stand on its own, in the sense that it must be completely understandable to someone who has not read your report, but who is generally familiar with County Health Rankings and its measurements. You need to tell us everything we need to know to evaluate your claims, and no more.\n- Your video must show your face at the start (so recording in Zoom is preferable) and then must share graphs and results taken from your report. Do not build new graphs or results that don't appear in your report.\n\n## The Self-Evaluation\n\nOnce you have submitted the other two elements of your project, you will each (whether working alone or with a partner) submit [a brief self-evaluation via this Google Form](https://forms.gle/cPPnAu4vWWBJXnXm9). The form should take about 10 minutes to complete, and will open for submissions two weeks prior to the deadline.\n\n- If you're curious, the form asks you to address multiple issues related to the Project in multiple-choice questions. There are also two little essays that we'll ask for, which should be written independently from your partner (if you have one).\n- You will summarize the key finding of your Project A study in your own well-chosen words (where your response should be in the neighborhood of 75 words, describing one key finding, which might come from any of your three analyses.) \n- Also, you will tell us what the most important piece of advice is that you wished you'd heard when you began Project A (and we'd like at least 25 words here).\n\n# Submission Requirements\n\nAll portfolio elements (R data set, Quarto and HTML report, video and self-evaluation) are due in late October at the time and date indicated on the Course Calendar. \n\n- Submit the R data set, Quarto and HTML files and the video files all together to Canvas.\n- If you are working with a partner, one of you submits the R data set, Quarto, HTML and video files to Canvas, and the other partner submits a one-page note to Canvas stating who their partner is and that their partner will submit the materials for their project team. \n- Everyone (including both members of each team) should fill out [the self-evaluation form](https://forms.gle/cPPnAu4vWWBJXnXm9) **after** all other materials are posted to Canvas.\n\nLate work on the portfolio will be met with **harsh penalties**. Please plan ahead so that you meet the deadline easily.\n\n# Outline of the Portfolio Report\n\nYour final portfolio report will include:\n\n- Sections 1-12 from the [Plan](plan.qmd), edited as necessary.\n- Section 13 will be your Analysis 1, and will have four subsections.\n- Section 14 will be your Analysis 2, with four subsections.\n- Section 15 will be your Analysis 3, with four subsections.\n- Section 16 will be a new Reflections section.\n- Section 17 will be your new location for session information.\n\nSections 13-15 and their subsections are discussed in detail in the [Analyses](analyses.qmd) section of these instructions.\n\nSection 17 was completed as part of the Project A Plan, although there it was Section 14.\n\nSo, if you've completed (and edited) your Project A [Plan](plan.qmd), and completed your [analyses](analyses.qmd) sections, then the only new piece of the Portfolio Report is the new \"reflections\" section.\n\n## The Template\n\nThe Template for the Portfolio Report available on our [Examples](examples.qmd) page is identical to the Template you used for the Project A Plan except that it:\n\n- deletes the old section 13, and \n- adds in headings for the new sections 13-16, while \n- moving the session information from section 14 to section 17.\n\n# Section 16. Reflections\n\nWrite a paragraph (containing at least four well-constructed complete English sentences) to answer the following question:\n\nWhat was the most important thing you learned as a result of doing this project, and why?\n\n# Report Checklist before Submission\n\nBefore submitting your final report, check these things. Your work will receive a better grade if these things are done correctly.\n\n1. There is a meaningful title (of no more than 80 characters, perhaps augmented by a subtitle), set of authors (with full names) and date (in the format 2024-10-30) at the top of your HTML document. Use CHR 2024 as an abbreviation for \"County Health Rankings, 2024\" throughout your work.\n2. You have used the section and subsection headings included in the Portfolio template.\n3. Neither `#| include: FALSE` nor `#| eval: FALSE` is used in the project.\n4. The option `knitr::opts_chunk$set(comment = NA)` is set as part of your package loading, to ensure that R results in the HTML are not preceded with ##.\n5. Either the option `theme_bw()` or `theme_lucid()` is used as part of your package loading, to ensure that your ggplot-based graphs are easy to view.\n6. All packages are loaded near the top of the document (as opposed to partway through) and `#| message: FALSE` is used to suppress the messages created when loading packages.\n7. The project uses `read_csv()` to read in the data, and `show_col_types = FALSE` is used to suppress the message about column specifications there.\n8. You have run spell check on your Quarto file (by hitting F7) before rendering it. You'll also want to check the headings and subheadings in your HTML to ensure there are no misspellings there.\n9. The raw data (prior to filtering rows and selecting variables) is not printed or summarized or listed in your HTML.\n10. The final tibble is saved to an `.Rds` file before the Analyses and that file to which it is saved contains only letters and numbers and in particular no spaces in its name. Note that you will submit the `.Rds` file to Canvas with your final portfolio report.\n11. There are no avoidable scrolling windows in the HTML document. Avoidable scrolling windows are those fixed by hitting ENTER more often in writing R code.\n12. The project demonstrates that all five variables of interest have been cleaned in accordance with the instructions specified in Table B of the [Data page](data.qmd).\n13. The session information is printed, in a section of its own (Section 17) that appears in the Table of Contents and is the last part of the document.\n14. Professor Zhang’s instructions are NOT repeated in your HTML.\n15. There are no warnings in the HTML document.\n\n# Grading the Portfolios\n\nProject A is graded on a scale from 0 to 100, theoretically, although I expect the highest grade to be around 116. Dr. Zhang works with the TAs to provide feedback and grade the projects, but the final Project A grade is determined solely by him.\n\n- A successful **Plan** is a mandatory part of Project A, and is worth 20 points as part of the Project A grade. \n- The **Portfolio Report** is worth 60 points. It is unlikely that anyone will score above 58 points, which is the planned score for a completely accurate and polished report. Most scores will likely fall between 42 and 57 points on this element.\n    - The most important parts of the Report are accurate (and effectively presented) data development, accurate (and effectively presented) analyses, and the appropriateness of your research questions and your responses to them in light of your analyses. The reflection in section 16 is also important.\n- The **Video** is worth 30 points. It is unlikely that anyone will score above 29 points, which is the planned score for a very strong presentation, which is clear to see and hear and which is very effective. Most scores will likely fall between 21 and 28 points on this element.\n    - All videos should include a clear statement of the research questions for each of the two analyses presented, and justify the responses to those questions with results from the analyses.\n    - Many of the comments Professor Zhang builds in response to your Project A will relate to the Video. Do not treat it lightly. It is a vital part of the work, despite its short length.\n- The **Self-Evaluation** is worth 10 points. People who complete each question on the self-evaluation thoughtfully and on time will receive either 9 or 10 points. Those who do not will receive fewer points.\n\nProject grading is set up to generate a median score in the low 100s out of a possible 120 points.\n\n## Hint: More isn't better.\n\nTo improve your grade, perform the elements of the data science cycle (ingestion, tidying, transforming, visualizing, modeling and communicating) more effectively. Presenting work that isn't relevant to addressing the issues in question will not help your grade. Also, rehearse your video and make sure you present clearly and understandably throughout the (very short) presentation. Make clear choices about what to include - that's key. Do not just show us everything you did.\n\nA stronger grade will be associated with doing the tasks we've discussed more effectively. Adding a lot of additional and unnecessary analyses/work without editing down to the important issues will not improve your grade, but rather have the opposite effect. We want to see polished, accurate, clear work. Making things clearer is the hardest thing to do, and so it's the thing that impresses us most. \n\n","srcMarkdownNoYaml":"\n\n```{r setup, include=FALSE}\nknitr::opts_chunk$set(comment = NA)\n```\n\n# The Deliverables\n\nYour Final Submission involves three parts, a portfolio report, a \"highlight\" video, and a self-evaluation.\n\n## The Report\n\nYou will submit a polished report in both Quarto and HTML, incorporating a total of 17 sections, as described below. You will also submit your main data file (`chr_2024_YOURNAME.Rds`) which should have 11 variables in it. \n\n## The Highlight Video\n\nYou will produce a video in mp4 format of no more than 3 minutes in length regardless of whether you are working alone or in a team.\n\nProducing a video often takes a full day of work after the portfolio report is finished. Do not leave yourself without the opportunity to do good work on this.\n\nIn this video, you will describe what you believe to be one of the most important findings for your Analysis 1, **and** for *either* your Analysis 2 or your Analysis 3. \n\n- If you are working alone on the project, begin your presentation by introducing yourself and describing your sample (which states you used and specifying the research questions you'll be addressing in your discussion.)\n- If you are working in a pair, each of you will present one of the two analyses, either in two separate videos (which combined are no more than 3 minutes long) or in one video. In either case, introduce yourself at the start of your portion of the video, and specify the states you used (even though you and your partner will be using the same states) and the research question you'll be addressing.\n- Do not discuss all three analyses in the video - just show Analysis 1 and one of the other two.\n- Since you have only 3 minutes to present a highlight from each of two analyses, you need to focus. Do not give a \"play by play\" of everything you did in the report. Focus on one key visualization to amplify your conclusions for each analysis. Keeping the video under 3 minutes while giving us a clear understanding of what you found is the hard part.\n- All videos should include a clear statement of the research questions for any analyses presented, and justify the responses to those questions with results from the analyses.\n- The video must stand on its own, in the sense that it must be completely understandable to someone who has not read your report, but who is generally familiar with County Health Rankings and its measurements. You need to tell us everything we need to know to evaluate your claims, and no more.\n- Your video must show your face at the start (so recording in Zoom is preferable) and then must share graphs and results taken from your report. Do not build new graphs or results that don't appear in your report.\n\n## The Self-Evaluation\n\nOnce you have submitted the other two elements of your project, you will each (whether working alone or with a partner) submit [a brief self-evaluation via this Google Form](https://forms.gle/cPPnAu4vWWBJXnXm9). The form should take about 10 minutes to complete, and will open for submissions two weeks prior to the deadline.\n\n- If you're curious, the form asks you to address multiple issues related to the Project in multiple-choice questions. There are also two little essays that we'll ask for, which should be written independently from your partner (if you have one).\n- You will summarize the key finding of your Project A study in your own well-chosen words (where your response should be in the neighborhood of 75 words, describing one key finding, which might come from any of your three analyses.) \n- Also, you will tell us what the most important piece of advice is that you wished you'd heard when you began Project A (and we'd like at least 25 words here).\n\n# Submission Requirements\n\nAll portfolio elements (R data set, Quarto and HTML report, video and self-evaluation) are due in late October at the time and date indicated on the Course Calendar. \n\n- Submit the R data set, Quarto and HTML files and the video files all together to Canvas.\n- If you are working with a partner, one of you submits the R data set, Quarto, HTML and video files to Canvas, and the other partner submits a one-page note to Canvas stating who their partner is and that their partner will submit the materials for their project team. \n- Everyone (including both members of each team) should fill out [the self-evaluation form](https://forms.gle/cPPnAu4vWWBJXnXm9) **after** all other materials are posted to Canvas.\n\nLate work on the portfolio will be met with **harsh penalties**. Please plan ahead so that you meet the deadline easily.\n\n# Outline of the Portfolio Report\n\nYour final portfolio report will include:\n\n- Sections 1-12 from the [Plan](plan.qmd), edited as necessary.\n- Section 13 will be your Analysis 1, and will have four subsections.\n- Section 14 will be your Analysis 2, with four subsections.\n- Section 15 will be your Analysis 3, with four subsections.\n- Section 16 will be a new Reflections section.\n- Section 17 will be your new location for session information.\n\nSections 13-15 and their subsections are discussed in detail in the [Analyses](analyses.qmd) section of these instructions.\n\nSection 17 was completed as part of the Project A Plan, although there it was Section 14.\n\nSo, if you've completed (and edited) your Project A [Plan](plan.qmd), and completed your [analyses](analyses.qmd) sections, then the only new piece of the Portfolio Report is the new \"reflections\" section.\n\n## The Template\n\nThe Template for the Portfolio Report available on our [Examples](examples.qmd) page is identical to the Template you used for the Project A Plan except that it:\n\n- deletes the old section 13, and \n- adds in headings for the new sections 13-16, while \n- moving the session information from section 14 to section 17.\n\n# Section 16. Reflections\n\nWrite a paragraph (containing at least four well-constructed complete English sentences) to answer the following question:\n\nWhat was the most important thing you learned as a result of doing this project, and why?\n\n# Report Checklist before Submission\n\nBefore submitting your final report, check these things. Your work will receive a better grade if these things are done correctly.\n\n1. There is a meaningful title (of no more than 80 characters, perhaps augmented by a subtitle), set of authors (with full names) and date (in the format 2024-10-30) at the top of your HTML document. Use CHR 2024 as an abbreviation for \"County Health Rankings, 2024\" throughout your work.\n2. You have used the section and subsection headings included in the Portfolio template.\n3. Neither `#| include: FALSE` nor `#| eval: FALSE` is used in the project.\n4. The option `knitr::opts_chunk$set(comment = NA)` is set as part of your package loading, to ensure that R results in the HTML are not preceded with ##.\n5. Either the option `theme_bw()` or `theme_lucid()` is used as part of your package loading, to ensure that your ggplot-based graphs are easy to view.\n6. All packages are loaded near the top of the document (as opposed to partway through) and `#| message: FALSE` is used to suppress the messages created when loading packages.\n7. The project uses `read_csv()` to read in the data, and `show_col_types = FALSE` is used to suppress the message about column specifications there.\n8. You have run spell check on your Quarto file (by hitting F7) before rendering it. You'll also want to check the headings and subheadings in your HTML to ensure there are no misspellings there.\n9. The raw data (prior to filtering rows and selecting variables) is not printed or summarized or listed in your HTML.\n10. The final tibble is saved to an `.Rds` file before the Analyses and that file to which it is saved contains only letters and numbers and in particular no spaces in its name. Note that you will submit the `.Rds` file to Canvas with your final portfolio report.\n11. There are no avoidable scrolling windows in the HTML document. Avoidable scrolling windows are those fixed by hitting ENTER more often in writing R code.\n12. The project demonstrates that all five variables of interest have been cleaned in accordance with the instructions specified in Table B of the [Data page](data.qmd).\n13. The session information is printed, in a section of its own (Section 17) that appears in the Table of Contents and is the last part of the document.\n14. Professor Zhang’s instructions are NOT repeated in your HTML.\n15. There are no warnings in the HTML document.\n\n# Grading the Portfolios\n\nProject A is graded on a scale from 0 to 100, theoretically, although I expect the highest grade to be around 116. Dr. Zhang works with the TAs to provide feedback and grade the projects, but the final Project A grade is determined solely by him.\n\n- A successful **Plan** is a mandatory part of Project A, and is worth 20 points as part of the Project A grade. \n- The **Portfolio Report** is worth 60 points. It is unlikely that anyone will score above 58 points, which is the planned score for a completely accurate and polished report. Most scores will likely fall between 42 and 57 points on this element.\n    - The most important parts of the Report are accurate (and effectively presented) data development, accurate (and effectively presented) analyses, and the appropriateness of your research questions and your responses to them in light of your analyses. The reflection in section 16 is also important.\n- The **Video** is worth 30 points. It is unlikely that anyone will score above 29 points, which is the planned score for a very strong presentation, which is clear to see and hear and which is very effective. Most scores will likely fall between 21 and 28 points on this element.\n    - All videos should include a clear statement of the research questions for each of the two analyses presented, and justify the responses to those questions with results from the analyses.\n    - Many of the comments Professor Zhang builds in response to your Project A will relate to the Video. Do not treat it lightly. It is a vital part of the work, despite its short length.\n- The **Self-Evaluation** is worth 10 points. People who complete each question on the self-evaluation thoughtfully and on time will receive either 9 or 10 points. Those who do not will receive fewer points.\n\nProject grading is set up to generate a median score in the low 100s out of a possible 120 points.\n\n## Hint: More isn't better.\n\nTo improve your grade, perform the elements of the data science cycle (ingestion, tidying, transforming, visualizing, modeling and communicating) more effectively. Presenting work that isn't relevant to addressing the issues in question will not help your grade. Also, rehearse your video and make sure you present clearly and understandably throughout the (very short) presentation. Make clear choices about what to include - that's key. Do not just show us everything you did.\n\nA stronger grade will be associated with doing the tasks we've discussed more effectively. Adding a lot of additional and unnecessary analyses/work without editing down to the important issues will not improve your grade, but rather have the opposite effect. We want to see polished, accurate, clear work. Making things clearer is the hardest thing to do, and so it's the thing that impresses us most. \n\n"},"formats":{"html":{"identifier":{"display-name":"HTML","target-format":"html","base-format":"html"},"execute":{"fig-width":7,"fig-height":5,"fig-format":"retina","fig-dpi":96,"df-print":"default","error":false,"eval":true,"cache":null,"freeze":false,"echo":true,"output":true,"warning":true,"include":true,"keep-md":false,"keep-ipynb":false,"ipynb":null,"enabled":null,"daemon":null,"daemon-restart":false,"debug":false,"ipynb-filters":[],"ipynb-shell-interactivity":null,"plotly-connected":true,"engine":"knitr"},"render":{"keep-tex":false,"keep-typ":false,"keep-source":false,"keep-hidden":false,"prefer-html":false,"output-divs":true,"output-ext":"html","fig-align":"default","fig-pos":null,"fig-env":null,"code-fold":"none","code-overflow":"scroll","code-link":false,"code-line-numbers":false,"code-tools":false,"tbl-colwidths":"auto","merge-includes":true,"inline-includes":false,"preserve-yaml":false,"latex-auto-mk":true,"latex-auto-install":true,"latex-clean":true,"latex-min-runs":1,"latex-max-runs":10,"latex-makeindex":"makeindex","latex-makeindex-opts":[],"latex-tlmgr-opts":[],"latex-input-paths":[],"latex-output-dir":null,"link-external-icon":true,"link-external-newwindow":true,"self-contained-math":false,"format-resources":[],"notebook-links":true},"pandoc":{"standalone":true,"wrap":"none","default-image-extension":"png","to":"html","css":["styles.css"],"toc":true,"number-sections":true,"output-file":"portfolio.html"},"language":{"toc-title-document":"Table of contents","toc-title-website":"On this page","related-formats-title":"Other Formats","related-notebooks-title":"Notebooks","source-notebooks-prefix":"Source","other-links-title":"Other Links","code-links-title":"Code Links","launch-dev-container-title":"Launch Dev Container","launch-binder-title":"Launch Binder","article-notebook-label":"Article Notebook","notebook-preview-download":"Download Notebook","notebook-preview-download-src":"Download Source","notebook-preview-back":"Back to Article","manuscript-meca-bundle":"MECA Bundle","section-title-abstract":"Abstract","section-title-appendices":"Appendices","section-title-footnotes":"Footnotes","section-title-references":"References","section-title-reuse":"Reuse","section-title-copyright":"Copyright","section-title-citation":"Citation","appendix-attribution-cite-as":"For attribution, please cite this work as:","appendix-attribution-bibtex":"BibTeX citation:","title-block-author-single":"Author","title-block-author-plural":"Authors","title-block-affiliation-single":"Affiliation","title-block-affiliation-plural":"Affiliations","title-block-published":"Published","title-block-modified":"Modified","title-block-keywords":"Keywords","callout-tip-title":"Tip","callout-note-title":"Note","callout-warning-title":"Warning","callout-important-title":"Important","callout-caution-title":"Caution","code-summary":"Code","code-tools-menu-caption":"Code","code-tools-show-all-code":"Show All Code","code-tools-hide-all-code":"Hide All Code","code-tools-view-source":"View Source","code-tools-source-code":"Source Code","tools-share":"Share","tools-download":"Download","code-line":"Line","code-lines":"Lines","copy-button-tooltip":"Copy to Clipboard","copy-button-tooltip-success":"Copied!","repo-action-links-edit":"Edit this page","repo-action-links-source":"View source","repo-action-links-issue":"Report an issue","back-to-top":"Back to top","search-no-results-text":"No results","search-matching-documents-text":"matching documents","search-copy-link-title":"Copy link to search","search-hide-matches-text":"Hide additional matches","search-more-match-text":"more match in this document","search-more-matches-text":"more matches in this document","search-clear-button-title":"Clear","search-text-placeholder":"","search-detached-cancel-button-title":"Cancel","search-submit-button-title":"Submit","search-label":"Search","toggle-section":"Toggle section","toggle-sidebar":"Toggle sidebar navigation","toggle-dark-mode":"Toggle dark mode","toggle-reader-mode":"Toggle reader mode","toggle-navigation":"Toggle navigation","crossref-fig-title":"Figure","crossref-tbl-title":"Table","crossref-lst-title":"Listing","crossref-thm-title":"Theorem","crossref-lem-title":"Lemma","crossref-cor-title":"Corollary","crossref-prp-title":"Proposition","crossref-cnj-title":"Conjecture","crossref-def-title":"Definition","crossref-exm-title":"Example","crossref-exr-title":"Exercise","crossref-ch-prefix":"Chapter","crossref-apx-prefix":"Appendix","crossref-sec-prefix":"Section","crossref-eq-prefix":"Equation","crossref-lof-title":"List of Figures","crossref-lot-title":"List of Tables","crossref-lol-title":"List of Listings","environment-proof-title":"Proof","environment-remark-title":"Remark","environment-solution-title":"Solution","listing-page-order-by":"Order By","listing-page-order-by-default":"Default","listing-page-order-by-date-asc":"Oldest","listing-page-order-by-date-desc":"Newest","listing-page-order-by-number-desc":"High to Low","listing-page-order-by-number-asc":"Low to High","listing-page-field-date":"Date","listing-page-field-title":"Title","listing-page-field-description":"Description","listing-page-field-author":"Author","listing-page-field-filename":"File Name","listing-page-field-filemodified":"Modified","listing-page-field-subtitle":"Subtitle","listing-page-field-readingtime":"Reading Time","listing-page-field-wordcount":"Word Count","listing-page-field-categories":"Categories","listing-page-minutes-compact":"{0} min","listing-page-category-all":"All","listing-page-no-matches":"No matching items","listing-page-words":"{0} words"},"metadata":{"lang":"en","fig-responsive":true,"quarto-version":"1.4.555","editor":"source","theme":"pulse","date-format":"iso","title":"Project A Portfolio","author":"Liangliang Zhang, Ph.D.","date-modified":"last-modified"},"extensions":{"book":{"multiFile":true}}}},"projectFormats":["html"]}